-- Clear existing users (if any)
DELETE FROM users;

-------------------------------------------------
-- Insert 2 test users
-- guybrush/guybrush
-- elaine/elaine
-------------------------------------------------
INSERT INTO users(id, username, password_hash) VALUES
    (1, 'guybrush', 'scrypt:32768:8:1$MPut1LWmAa0itDuu$8e59b189c39a66479f815ba59e42e82fa51725f02dfc8e2083d36172dd63ead9623ed7eeac8edb80d5213200e53238ccfe0dee66bff406035b37348c8caca59e'),
    (2, 'elaine', 'scrypt:32768:8:1$sFOb3SxH2gPebwVf$18f00efff10933f37222f9b88db59321f740f783d66068937517965faea221369fe696be4ee1a8621aa5978641a616075ff2c10cee34eb761be4d5d01cc33691');

-- Clean up existing test data
DELETE FROM ratings;
DELETE FROM recipe_instructions;
DELETE FROM recipe_ingredients;
DELETE FROM ingredients;
DELETE FROM recipes;

-------------------------------------------------
-- Recipe 1: Laskiaispullat
-------------------------------------------------
INSERT INTO recipes(id, title, description, total_rating, rating_count, lactose_free, cuisine_id, user_id)
VALUES (1, 'Laskiaispullat', 'Parhaat laskiaispullat ruotsalaiseen tapaan. Voit halutessasi korvata mantelimassan mansikkahillolla.', 5, 1, 1, 1, 1);

-------------------------------------------------
-- Recipe 2: Karjalanpaisti
-------------------------------------------------
INSERT INTO recipes(id, title, description, total_rating, rating_count, lactose_free, cuisine_id, user_id)
VALUES (2, 'Karjalanpaisti', 'Perinteinen karjalainen lihapata, haudutettu miedolla lämmöllä useita tunteja, mikä tekee lihasta erityisen mureaa.', 3, 1, 0, 1, 2);

-------------------------------------------------
-- Recipe 3: Lihapullat
-------------------------------------------------
INSERT INTO recipes(id, title, description, total_rating, rating_count, lactose_free, cuisine_id, user_id)
VALUES (3, 'Lihapullat', 'Lihapullat kermakastikkeessa ruotsalaiseen tapaan. Tarjoile perunamuusin ja puolukkahillon kanssa.', 4, 1, 1, 1, 2);


-- Ingredients for Laskiaispullat
INSERT INTO ingredients(id, name) VALUES
  (1, 'maito'),
  (2, 'kuivahiiva'),
  (3, 'taloussokeri'),
  (4, 'puolikarkea vehnäjauho'),
  (5, 'suola'),
  (6, 'kardemumma'),
  (7, 'voi (tai margariini)'),
  (8, 'rypsi- tai auringonkukkaöljy'),
  (9, 'kananmuna'),
  (10, 'raesokeri'),
  (11, 'vispikerma'),
  (12, 'mantelimassa');

  -- Additional ingredients for Karjalanpaisti (if not already used)
INSERT INTO ingredients(id, name) VALUES
  (13, 'naudanliha'),
  (14, 'porsaanliha'),
  (15, 'sipuli'),
  (16, 'porkkana'),
  (17, 'laakerinlehti'),
  (18, 'kokonaiset mustapippurit'),
  (19, 'vesi');

  -- Additional ingredients for Lihapullat (if not already used)
INSERT INTO ingredients(id, name) VALUES
  (20, 'valeaa paahtoleipää'),
  (21, 'nauta-porsaan jauheliha'),
  (22, 'muskottipähkinä jauheena'),
  (23, 'mustapippuri jauheena'),
  (24, 'ruokaöljy'),
  (25, 'lihaliemikuutio'),
  (26, 'ruokakerma');

-- Recipe ingredients for Laskiaispullat
INSERT INTO recipe_ingredients(amount, recipe_id, ingredient_id) VALUES
  ('5 dl', 1, 1),
  ('2 pussia', 1, 2),
  ('2 dl', 1, 3),
  ('n. 15 dl', 1, 4),
  ('2 tl', 1, 5),
  ('1 rkl', 1, 6),
  ('100 g', 1, 7),
  ('3/4 dl', 1, 8),
  ('1 kpl', 1, 9),
  ('1/5 dl', 1, 10),
  ('2 dl', 1, 11),
  ('1 levy', 1, 12);

  -- Recipe ingredients for Karjalanpaisti
INSERT INTO recipe_ingredients(amount, recipe_id, ingredient_id) VALUES
  ('500 g', 2, 13),
  ('500 g', 2, 14),
  ('2 kpl', 2, 15),
  ('3 kpl', 2, 16),
  ('2 kpl', 2, 17),
  ('5 kpl', 2, 18),
  ('1 litra', 2, 19),
  ('1 tl', 2, 5);

  -- Recipe ingredients for Lihapullat
INSERT INTO recipe_ingredients(amount, recipe_id, ingredient_id) VALUES
  ('1 dl', 3, 1),
  ('1 tl', 3, 3),
  ('2 viipaletta', 3, 20),
  ('1 kpl', 3, 15),
  ('600 g', 3, 21),
  ('1 kpl', 3, 9),
  ('1/4 tl', 3, 22),
  ('1/4 tl', 3, 23),
  ('3/4 tl', 3, 20),
  ('1 rkl', 3, 8),
  ('4 rkl', 3, 7),
  ('4 rkl', 3, 4),
  ('1,5 kpl', 3, 25),
  ('2 dl', 3, 19),
  ('2 dl',3, 26);


-- Recipe instructions for Laskiaispullat
INSERT INTO recipe_instructions(instruction, step_number, recipe_id) VALUES
  ('Lämmitä maito kädenlämpöiseksi (noin 40 C)', 1, 1),
  ('Liuota maitoon hiiva, sokeri, suola ja kardemumma. Sekoita hyvin.', 2, 1),
  ('Lisää seokseen 10 dl jauhoja pienissä erissä koko ajan sekoittaen.', 3, 1),
  ('Sulata voi pehmeäksi.', 4, 1),
  ('Lisää sulatettu voi ja öljy seokseen.', 5, 1),
  ('Lisää loput jauhot (5 dl) pienissä erissä koko ajan sekoittaen.', 6, 1),
  ('Jätä taikina kohoamaan liinan alle.', 7, 1),
  ('Laita uuni lämpiämään 225 asteeseen.', 8, 1),
  ('Jaa kohonnut taikina 15 osaan.', 9, 1),
  ('Pyörittele taikinapalaset pyöreiksi palloiksi ja aseta ne uunipellille leivinpaperin päälle.', 10, 1),
  ('Peitä pullat liinalla ja anna kohota noin 15–20 minuuttia.', 11, 1),
  ('Riko kananmuna ja sekoita siihen noin ruokalusikallinen kylmää vettä.', 12, 1),
  ('Voitele pullat kananmunaseoksella.', 13, 1),
  ('Ripottele raesokeri pullien päälle koristeluun.', 14, 1),
  ('Paista pullia uunissa 225 asteessa noin 10–15 minuuttia tai kunnes ne ovat kullanruskeita.', 15, 1);

-- Recipe instructions for Karjalanpaisti
INSERT INTO recipe_instructions(instruction, step_number, recipe_id) VALUES
  ('Leikkaa naudan- ja porsaanliha sopiviksi kuutioiksi.', 1, 2),
  ('Kuullota hienonnettu sipuli suuressa kattilassa.', 2, 2),
  ('Lisää liha kattilaan ja ruskista se kevyesti.', 3, 2),
  ('Lisää porkkanat, laakerinlehdet ja mustapippurit.', 4, 2),
  ('Kaada päälle vesi ja mausta suolalla.', 5, 2),
  ('Hauduta miedolla lämmöllä noin 2-3 tuntia, kunnes liha on mureaa.', 6, 2),
  ('Poista laakerinlehdet ennen tarjoilua.', 7, 2);

-- Recipe instructions for Lihapullat
INSERT INTO recipe_instructions(instruction, step_number, recipe_id) VALUES
  ('Viipaloi leipäviipaleet pieniksi kuutioiksi.', 1, 3),
  ('Liota toinen lihaliemikuutio pienessä määrässä kuumaa vettä.', 2, 3),
  ('Lisää kulhoon leipäviipaleet, lihaliemi, maito, muskottipähkinä sekä ripaus suolaa ja teelusikallinen sokeria', 3, 3),
  ('Silppua ja kuullota sipuli pannulla.', 4, 3),
  ('Lisää sipulit leipä-lihaliemi-maitosekoitukseen', 5, 3),
  ('Muussaa sipuli-leipäseos hienoksi haarukalla.', 6, 3),
  ('Lisää joukkoon jauheliha ja sekoita käsin.', 7, 3),
  ('Pyörittele jauhelihataikinasta pieniä palloja.', 8, 3),
  ('Ruskista lihapullat pannulla voissa tai öljyssä ja nosta ne odottamaan kattilaan', 9, 3),
  ('Tehdään nyt kastike. Lisää pieneen kattilaan voi ja vehnäjauhot ja ruskista.', 10, 3),
  ('Tee puolikkaasta lihaliemikuutiosta 2 dl lihalientä ja sekoita se vähitellen voi-vehnäjauhoseokseen.', 11, 3),
  ('Kun kastike on paksua, kaada joukkoon kerma ja sekoita vielä hetki. Kastikkeen pitäisi olla hieman notkeaa, mutta ei juoksevaa.', 12, 3),
  ('Kaada kastike lihapullien päälle ja hauduta miedolla lämmöllä kattilassa kannen alla noin 20 minuuttia.', 13, 3);

-- Ratings for Laskiaispullat
INSERT INTO ratings(comment, stars, rated_by, recipe_id) VALUES
  ('Hurjan hyviä!', 5, 2, 1);

-- Ratings for Karjalanpaisti
INSERT INTO ratings(comment, stars, rated_by, recipe_id) VALUES
  ('Ihan ok resepti!', 3, 1, 2);

-- Ratings for Lihapullat
INSERT INTO ratings(comment, stars, rated_by, recipe_id) VALUES
  ('Parempia kuin Ikean lihapullat!', 4, 1, 3);

-------------------------------------------
-- Lorem ipsum data for testing pagination
-------------------------------------------

-- Recipe 4: Lorem Ipsum Recipe 4 (No tag, Pattern 0)
INSERT INTO recipes(id, title, description, total_rating, rating_count, lactose_free, vegan, vegetarian, gluten_free, cuisine_id, user_id)
VALUES (4, 'Lorem Ipsum Recipe 4', 'Lorem ipsum dolor sit amet, consectetur adipiscing elit.', 1, 1, 0, 0, 0, 0, 2, 1);
INSERT INTO recipe_ingredients(amount, recipe_id, ingredient_id) VALUES ('100 g', 4, 1);
INSERT INTO recipe_instructions(instruction, step_number, recipe_id) VALUES ('Lorem ipsum dolor sit amet, consectetur adipiscing elit.', 1, 4);
INSERT INTO ratings(comment, stars, rated_by, recipe_id) VALUES ('Lorem ipsum comment.', 1, 1, 4);

-- Recipe 5: Lorem Ipsum Recipe 5 (Laktoositon, Pattern 1)
INSERT INTO recipes(id, title, description, total_rating, rating_count, lactose_free, vegan, vegetarian, gluten_free, cuisine_id, user_id)
VALUES (5, 'Lorem Ipsum Recipe 5', 'Sed do eiusmod tempor incididunt ut labore et dolore magna aliqua.', 2, 1, 1, 0, 0, 0, 3, 2);
INSERT INTO recipe_ingredients(amount, recipe_id, ingredient_id) VALUES ('150 g', 5, 2);
INSERT INTO recipe_instructions(instruction, step_number, recipe_id) VALUES ('Sed do eiusmod tempor incididunt ut labore et dolore magna aliqua.', 1, 5);
INSERT INTO ratings(comment, stars, rated_by, recipe_id) VALUES ('Consectetur adipiscing elit.', 2, 2, 5);

-- Recipe 6: Lorem Ipsum Recipe 6 (Vegan, Pattern 2)
INSERT INTO recipes(id, title, description, total_rating, rating_count, lactose_free, vegan, vegetarian, gluten_free, cuisine_id, user_id)
VALUES (6, 'Lorem Ipsum Recipe 6', 'Ut enim ad minim veniam, quis nostrud exercitation ullamco laboris nisi ut aliquip ex ea commodo consequat.', 3, 1, 0, 1, 0, 0, 4, 1);
INSERT INTO recipe_ingredients(amount, recipe_id, ingredient_id) VALUES ('200 g', 6, 3);
INSERT INTO recipe_instructions(instruction, step_number, recipe_id) VALUES ('Ut enim ad minim veniam, quis nostrud exercitation ullamco laboris nisi ut aliquip ex ea commodo consequat.', 1, 6);
INSERT INTO ratings(comment, stars, rated_by, recipe_id) VALUES ('Duis aute irure dolor in reprehenderit.', 3, 1, 6);

-- Recipe 7: Lorem Ipsum Recipe 7 (Kasvis, Pattern 3)
INSERT INTO recipes(id, title, description, total_rating, rating_count, lactose_free, vegan, vegetarian, gluten_free, cuisine_id, user_id)
VALUES (7, 'Lorem Ipsum Recipe 7', 'Duis aute irure dolor in reprehenderit in voluptate velit esse cillum dolore eu fugiat nulla pariatur.', 4, 1, 0, 0, 1, 0, 5, 2);
INSERT INTO recipe_ingredients(amount, recipe_id, ingredient_id) VALUES ('120 g', 7, 1);
INSERT INTO recipe_instructions(instruction, step_number, recipe_id) VALUES ('Duis aute irure dolor in reprehenderit in voluptate velit esse cillum dolore eu fugiat nulla pariatur.', 1, 7);
INSERT INTO ratings(comment, stars, rated_by, recipe_id) VALUES ('Excepteur sint occaecat cupidatat non proident.', 4, 2, 7);

-- Recipe 8: Lorem Ipsum Recipe 8 (Gluteeniton, Pattern 4)
INSERT INTO recipes(id, title, description, total_rating, rating_count, lactose_free, vegan, vegetarian, gluten_free, cuisine_id, user_id)
VALUES (8, 'Lorem Ipsum Recipe 8', 'Excepteur sint occaecat cupidatat non proident, sunt in culpa qui officia deserunt mollit anim id est laborum.', 1, 1, 0, 0, 0, 1, 6, 1);
INSERT INTO recipe_ingredients(amount, recipe_id, ingredient_id) VALUES ('130 g', 8, 2);
INSERT INTO recipe_instructions(instruction, step_number, recipe_id) VALUES ('Excepteur sint occaecat cupidatat non proident, sunt in culpa qui officia deserunt mollit anim id est laborum.', 1, 8);
INSERT INTO ratings(comment, stars, rated_by, recipe_id) VALUES ('Lorem ipsum dolor sit amet.', 1, 1, 8);

-- Recipe 9: Lorem Ipsum Recipe 9 (No tag, Pattern 0)
INSERT INTO recipes(id, title, description, total_rating, rating_count, lactose_free, vegan, vegetarian, gluten_free, cuisine_id, user_id)
VALUES (9, 'Lorem Ipsum Recipe 9', 'Lorem ipsum dolor sit amet, consectetur adipiscing elit. Sed do eiusmod tempor.', 2, 1, 0, 0, 0, 0, 7, 2);
INSERT INTO recipe_ingredients(amount, recipe_id, ingredient_id) VALUES ('140 g', 9, 3);
INSERT INTO recipe_instructions(instruction, step_number, recipe_id) VALUES ('Lorem ipsum dolor sit amet, consectetur adipiscing elit. Sed do eiusmod tempor.', 1, 9);
INSERT INTO ratings(comment, stars, rated_by, recipe_id) VALUES ('Ut enim ad minim veniam.', 2, 2, 9);

-- Recipe 10: Lorem Ipsum Recipe 10 (Laktoositon, Pattern 1)
INSERT INTO recipes(id, title, description, total_rating, rating_count, lactose_free, vegan, vegetarian, gluten_free, cuisine_id, user_id)
VALUES (10, 'Lorem Ipsum Recipe 10', 'Quis nostrud exercitation ullamco laboris nisi ut aliquip ex ea commodo consequat.', 3, 1, 1, 0, 0, 0, 8, 1);
INSERT INTO recipe_ingredients(amount, recipe_id, ingredient_id) VALUES ('110 g', 10, 1);
INSERT INTO recipe_instructions(instruction, step_number, recipe_id) VALUES ('Quis nostrud exercitation ullamco laboris nisi ut aliquip ex ea commodo consequat.', 1, 10);
INSERT INTO ratings(comment, stars, rated_by, recipe_id) VALUES ('Sed do eiusmod tempor incididunt.', 3, 1, 10);

-- Recipe 11: Lorem Ipsum Recipe 11 (Vegan, Pattern 2)
INSERT INTO recipes(id, title, description, total_rating, rating_count, lactose_free, vegan, vegetarian, gluten_free, cuisine_id, user_id)
VALUES (11, 'Lorem Ipsum Recipe 11', 'Duis aute irure dolor in reprehenderit in voluptate velit esse cillum dolore eu fugiat nulla pariatur.', 4, 1, 0, 1, 0, 0, 1, 2);
INSERT INTO recipe_ingredients(amount, recipe_id, ingredient_id) VALUES ('115 g', 11, 2);
INSERT INTO recipe_instructions(instruction, step_number, recipe_id) VALUES ('Duis aute irure dolor in reprehenderit in voluptate velit esse cillum dolore eu fugiat nulla pariatur.', 1, 11);
INSERT INTO ratings(comment, stars, rated_by, recipe_id) VALUES ('Excepteur sint occaecat cupidatat.', 4, 2, 11);

-- Recipe 12: Lorem Ipsum Recipe 12 (Kasvis, Pattern 3)
INSERT INTO recipes(id, title, description, total_rating, rating_count, lactose_free, vegan, vegetarian, gluten_free, cuisine_id, user_id)
VALUES (12, 'Lorem Ipsum Recipe 12', 'Excepteur sint occaecat cupidatat non proident, sunt in culpa qui officia deserunt mollit anim id est laborum.', 1, 1, 0, 0, 1, 0, 2, 1);
INSERT INTO recipe_ingredients(amount, recipe_id, ingredient_id) VALUES ('125 g', 12, 3);
INSERT INTO recipe_instructions(instruction, step_number, recipe_id) VALUES ('Excepteur sint occaecat cupidatat non proident, sunt in culpa qui officia deserunt mollit anim id est laborum.', 1, 12);
INSERT INTO ratings(comment, stars, rated_by, recipe_id) VALUES ('Lorem ipsum dolor sit amet, consectetur adipiscing elit.', 1, 1, 12);

-- Recipe 13: Lorem Ipsum Recipe 13 (Gluteeniton, Pattern 4)
INSERT INTO recipes(id, title, description, total_rating, rating_count, lactose_free, vegan, vegetarian, gluten_free, cuisine_id, user_id)
VALUES (13, 'Lorem Ipsum Recipe 13', 'Sed do eiusmod tempor incididunt ut labore et dolore magna aliqua.', 2, 1, 0, 0, 0, 1, 3, 2);
INSERT INTO recipe_ingredients(amount, recipe_id, ingredient_id) VALUES ('135 g', 13, 1);
INSERT INTO recipe_instructions(instruction, step_number, recipe_id) VALUES ('Sed do eiusmod tempor incididunt ut labore et dolore magna aliqua.', 1, 13);
INSERT INTO ratings(comment, stars, rated_by, recipe_id) VALUES ('Ut enim ad minim veniam, quis nostrud exercitation.', 2, 2, 13);

-- Recipe 14: Lorem Ipsum Recipe 14 (No tag, Pattern 0)
INSERT INTO recipes(id, title, description, total_rating, rating_count, lactose_free, vegan, vegetarian, gluten_free, cuisine_id, user_id)
VALUES (14, 'Lorem Ipsum Recipe 14', 'Ut enim ad minim veniam, quis nostrud exercitation ullamco laboris nisi ut aliquip ex ea commodo consequat.', 3, 1, 0, 0, 0, 0, 4, 1);
INSERT INTO recipe_ingredients(amount, recipe_id, ingredient_id) VALUES ('145 g', 14, 2);
INSERT INTO recipe_instructions(instruction, step_number, recipe_id) VALUES ('Ut enim ad minim veniam, quis nostrud exercitation ullamco laboris nisi ut aliquip ex ea commodo consequat.', 1, 14);
INSERT INTO ratings(comment, stars, rated_by, recipe_id) VALUES ('Duis aute irure dolor in reprehenderit.', 3, 1, 14);

-- Recipe 15: Lorem Ipsum Recipe 15 (Laktoositon, Pattern 1)
INSERT INTO recipes(id, title, description, total_rating, rating_count, lactose_free, vegan, vegetarian, gluten_free, cuisine_id, user_id)
VALUES (15, 'Lorem Ipsum Recipe 15', 'Duis aute irure dolor in reprehenderit in voluptate velit esse cillum dolore eu fugiat nulla pariatur.', 4, 1, 1, 0, 0, 0, 5, 2);
INSERT INTO recipe_ingredients(amount, recipe_id, ingredient_id) VALUES ('155 g', 15, 3);
INSERT INTO recipe_instructions(instruction, step_number, recipe_id) VALUES ('Duis aute irure dolor in reprehenderit in voluptate velit esse cillum dolore eu fugiat nulla pariatur.', 1, 15);
INSERT INTO ratings(comment, stars, rated_by, recipe_id) VALUES ('Excepteur sint occaecat cupidatat non proident.', 4, 2, 15);

-- Recipe 16: Lorem Ipsum Recipe 16 (Vegan, Pattern 2)
INSERT INTO recipes(id, title, description, total_rating, rating_count, lactose_free, vegan, vegetarian, gluten_free, cuisine_id, user_id)
VALUES (16, 'Lorem Ipsum Recipe 16', 'Excepteur sint occaecat cupidatat non proident, sunt in culpa qui officia deserunt mollit anim id est laborum.', 1, 1, 0, 1, 0, 0, 6, 1);
INSERT INTO recipe_ingredients(amount, recipe_id, ingredient_id) VALUES ('160 g', 16, 1);
INSERT INTO recipe_instructions(instruction, step_number, recipe_id) VALUES ('Excepteur sint occaecat cupidatat non proident, sunt in culpa qui officia deserunt mollit anim id est laborum.', 1, 16);
INSERT INTO ratings(comment, stars, rated_by, recipe_id) VALUES ('Lorem ipsum dolor sit amet.', 1, 1, 16);

-- Recipe 17: Lorem Ipsum Recipe 17 (Kasvis, Pattern 3)
INSERT INTO recipes(id, title, description, total_rating, rating_count, lactose_free, vegan, vegetarian, gluten_free, cuisine_id, user_id)
VALUES (17, 'Lorem Ipsum Recipe 17', 'Lorem ipsum dolor sit amet, consectetur adipiscing elit. Sed do eiusmod tempor.', 2, 1, 0, 0, 1, 0, 7, 2);
INSERT INTO recipe_ingredients(amount, recipe_id, ingredient_id) VALUES ('165 g', 17, 2);
INSERT INTO recipe_instructions(instruction, step_number, recipe_id) VALUES ('Lorem ipsum dolor sit amet, consectetur adipiscing elit. Sed do eiusmod tempor.', 1, 17);
INSERT INTO ratings(comment, stars, rated_by, recipe_id) VALUES ('Ut enim ad minim veniam.', 2, 2, 17);

-- Recipe 18: Lorem Ipsum Recipe 18 (Gluteeniton, Pattern 4)
INSERT INTO recipes(id, title, description, total_rating, rating_count, lactose_free, vegan, vegetarian, gluten_free, cuisine_id, user_id)
VALUES (18, 'Lorem Ipsum Recipe 18', 'Sed do eiusmod tempor incididunt ut labore et dolore magna aliqua.', 3, 1, 0, 0, 0, 1, 8, 1);
INSERT INTO recipe_ingredients(amount, recipe_id, ingredient_id) VALUES ('170 g', 18, 3);
INSERT INTO recipe_instructions(instruction, step_number, recipe_id) VALUES ('Sed do eiusmod tempor incididunt ut labore et dolore magna aliqua.', 1, 18);
INSERT INTO ratings(comment, stars, rated_by, recipe_id) VALUES ('Duis aute irure dolor in reprehenderit in voluptate velit esse cillum dolore eu fugiat nulla pariatur.', 3, 1, 18);


INSERT INTO recipe_images (image, recipe_id)
VALUES(X'ffd8ffe000104a46494600010100000100010000ffdb008400060606060706070808070a0b0a0b0a0f0e0c0c0e0f1610111011101622151915151915221e241e1c1e241e362a26262a363e3432343e4c44444c5f5a5f7c7ca701060606060706070808070a0b0a0b0a0f0e0c0c0e0f1610111011101622151915151915221e241e1c1e241e362a26262a363e3432343e4c44444c5f5a5f7c7ca7ffc2001108018c01b603012200021101031101ffc400310000020301010100000000000000000000000102030405060701010101010100000000000000000000000001020304ffda000c03010002100310000002f36359b1240a4a4a42701db5dd2b5379d127396ad10d32c4be59d6637b3990ea56982564aaa57c65cf0bead6698d90d66b8ce3645495893489329008002004c013400c4d0000082c131898c052338abb61666ca719cb2b61a33baf557a7149bb7367669d171cda3b1917885a9a846e81453a69d4cf0baade2b8590d48269949aa435620104c10000020069800200430444b273a9adcea94b35172db3ade756cea9cb7edc5bb1a77556e3565b5587534e1d5be3664bf19c98b58ece128d5755d5d67aafab78a61657acc2328d8935609a440580009a0000000000100218400d40018886e213758b74f33976ebe3cb3aee69f3d7637df9f0edc6bbb3e24a3b55f2e45af24d7442b44ab8c350a9d7aca8386b2a2e36082c49ab00113400000026000000800008a6b5000000000000000000000610e758b64a925dfa799ab1d2f854a27051b250236348b040082c042000002681800206008010024cd4400000000000000000000c00080112b2a92ce72eccd712cf53ba3cc4bd344f1f5fb299e063ebe07945ec7cc5ce537f3e98881a000000001a0000002006a0000000000000000000034004fd01e72df51bb3ae7f4abbb9edb76ad9465a3374db59ac956b82d175f0056d5bc579f723ca72bd379cb9809809800000d0020000881a8d000000000016159de81c43d15d2f973d6f35397b7d7f3e5a76c1f2ed5e8aabe7bbca1d4afcf12d643376479afaf3df979f2e7d7bb9b9eb58d56a5a9b8ccf7cedccee97cfad34f1efc076d3e9f2b0100001001400446588000003a4736cf52e5e7772eb71b4c9675175c25b2ca1872ab7cbadae17e7525296b31722c0968d671ad5495efe573abb59b3cf3adb0e66bcd846fb73aa2bd1034e9e555bc5d9a6f975a391de86f1e78b2bf5f8d800982029002196218200dcfafd1e5d6d9425cba5841d68aa896b37421295f26dc5c7b59645cd5f7423ae6e75dbb936a5be76cb3ad6656422b285a8509d92d119e7ce966b8e3d665154b7669eacdc71b1cd448b4ab87dfe77a386168f4799802620194922c6207d27d9f37a2d9d52f3f6d054eb5d35e8eb8ad4aeb29ab5e63936c6be3da2a4adbefc514db2e76cb2eaeaaf537d9ca2cead9c7bae7b660bbaf2b4c97c429d3463a575b3974a853e7b746884577d346a6933bd675eabbaddb878be4fd2f0fa387cf8d989581000400d43764f45c7b5e955e1f668b33da929d06a68b795af5379925bc6ad1287a3cfcec7d7973df0ecf476579acbeb3952f223ab3f3e99a3d2e96e79dd9ea6ddf3f352f4155cf0f37a891e3e3e9f8fcfa67a9ac74b6baf34bb563956eb33f470a73fa63d3e7f21a3bb7e6adb9f475e2223acf33c3fd0f915e41ca0ac42b26acdfd7a67e0f7551258eba1463959664bac9ca104bb473f774c74b542cf678a0b3e58eb519f414e8b2663bdd06aaf1c0daf99397a95e195829552eca69bcc14f429cef935744e7d7997eeebd9937d8fb708e5b735ce8b4b053815282ce54b3592f93c1b71ea0005955c7a8a7447c5edc93b5e3753929631b219b275d84bb1caebfabcb9e73c9d78e9a5a963bb3eab1d1356573711d6ab96545a96bd53b5256537ea50b5c23363ec28e359d592d16ca3bcca14e48ba8cf7e75beacd41aeb83a2b2b8979ed9e7f50035000347babab892dd83cbe98b81cfa4944969cfb73cd4250ba5bfbbe7f676e1d2a9f2bbf0b6cf390cefd6cbcad9acfa65e6e93d4c3c812fa2c9ca79d7534f2f32faf9f97eb6b9f5ebae4ceb9e0b535422aac55c49d6e21039135b29af0f3e9d5a39f7f3eb6aae46bc76d5d39f0ebb2bf479c103107d3c16a53c9eb7378f5cd1d10f3fa2b5372c1d9120a6a5829d473941f7e76df74f96f9f5f5aa9790fb0b79e55db54d57a21744949eb38707a77d79f99dbbe9b9bb470f347ad3c9d87a88f9acb67a5a38919ad352dfcfa6b9d15f2dd39b7d56925799f4d76a68b70777d3e5e160f5876e5e14f6e1b48919f85dde173e9a6ff3bbb8f6e9284f9e98d9546d52d70b6cd395a69bf9f46f4d2996c6a6a12844b22ea5d2e9d5d315dd9afb1ce31d66c50aec9965352ad3cd28bde354c2cae5765729655cae4855aebb1db5dbacf3e3b2bce9f6b87d9efc260bd3e7620d53085cbeb417c8e0f6b8f1bf277f6e8ceb1dae8ceb5cb9b0cdec6ce575e5e512387a2500cd9d164aabae31d4d102c96bb14b599cb26e48c6fa4190abab502d8cea0412dc65d8953b33939678cbba2d6b17c1d172e953c747d7e5753bf9e6ad87abce841ada4306369c00d611b433c75072ebdf83cfdb046f7c7be477431b9592ab599d526227595db875da46e8440aec96110974c62902d8530915d9634aa1384aa4992be9bb58a28b4ce93d15eb33e960dfdf858a51f4f00645e06849381a21881b42b00af9fd2c9cf5ca8e9cde7f4b22b3a9158b653691558a359f5a155d54a49d3a6bac556dc935757a9465d74c8b456dcd370895729c513938949c759a6d689c271d65f479dd0efc6c8aabbf299512f400d6469cad304c6260109572d48af369caf479bd1869d54e7a465094b19c5838b2494e20dc8b2b942c23272d05a2a9c64955c2a564669597384c6cc6d84b5231623895ea68b6bb3d3c204a7a9100e8383b9903a1a72b10300130a307533e35c296ae571edd8a39dd2e7ba637aceea271962ad882949121d384d441a6aa4983121172a85b19a49c4659144dc2365b0a2aad5961774c6dd25bdf8d6ae9d505e59294a2320e26e254dc02c75b8938b1d3725e7f27d1f3b1bf3d4f4b1f2eb7e9e4d72f71f16cceba862b33ad6b3b8bd528d11a625ce981a1670d0f32ad86249b1e29d9aa2add66987434eb3c497a3b379f3bb3acf78cf6c95cb8a764491486127e6b4e6f763cbbeb61458584648318988728a264058d3a54b82be9b38d5f743810f441e6cf484be71fa217cf4fbc470e5da55c79f544e6d9b4b335b306e25927584d458261053445c2a353e6e68ed43ce623d51e2c324eb2b4dd814bd6bf86a3d1dde626bea6df2761eb2cf2b61eaa7e5a67a99f9699e99f9a91e90f3ccf427059dd7c269dc388cee4b82cedc78aabb6b8a8ed9c38c778e1d477d79d89e8a3e720be8e1e6a07a4afccd27a7a7ccc53d0e7e215d4a31069a222005001ffc40002ffda000c030100020003000000218f7e2de46fb15644d98a5b5a40363d06fad7eefacfedd270ab1d177a36bed9e94cadc93d47f0dfacdaf37e104ab8e4d74233eb672c6d39c1ad257ac0085af3f3c7e3c38a8cfb226aec95cd198d21bf8c100092c352cb0c03cf0c373822c2d55725a20ffe3b003810cf43ce0c73cf3df610c796c1b25561c53ebfdef9d2c3f3c024c30334f10f626d216fe441ca0d2faef9b6f3f1c614024216bcb1b7e4a44df2e10af4c222dc7d71c3ca045661b231f7a8332e9ac9d6948b56930db27cc201108d5b5d3b27d86eb0662156b44fcdfe9c39c1e207eff30692a4083611e9e8fc4fab55589c014cf3b0c23b262ba59348abf92f1dcd92d8fa4a953ed8ccb3e61472b3bc744ba3cda9d0fac895b27d78a38eb2afe2610cec5f8ae4798d0bb0e072251ceef405b4b3181a8e6dff003c5ac902cd848b5d8f15d6724662ab8ec25e9a9320a4965b4a27ef353ca3005b021082384d2fbea103a315f3c3e223c9216025b158b9a847cd7d8c9d5f57bc583b0dd23aff00bcf22334020c15c07441994fe88317c9ba95ef049e4ecd9c16a8d65504e0433248cf806ce7cd0cc9f0730aeb98f6c9d59625ad7004a429a6abee022b418f2846b8913c02ba33f41a4c3f5b8cf5d4e79e9b962dc0ceb95e3d7ef8fb5df281c3b4759f7b002e5f34949765be4da5d4d108497780ad9c9f3cfdd44914410c4480a41299318438643cf37661f83053e119eeaef8bd54bdb2c2eac2f8023100ffc40002ffda000c030100020003000000109b1083e2d56d2847915af07504fd8b9d9cd7eef4ff00f8f1bc5417068556118c21903a2c3bedff00dfa02df3a743751a4d7e4291c0308ef64b14f3cc0d1ba583ff002000bf3c2056da501953a83760bf5bb3f6d34d4cf3034475f4106df238d2817ad48f0fd9854fc327c2f342cb7184107df60cc3b64d730ddec0ceecff00bfe4c3a00f1830cc69c7de142da2b789fb3e9f76ff002c07b2f0cd28e1286474228911e19b16da396d4d9722fb0d804529c07ab5cd2b541a6b50065665d1c17fda270fe30aad120358d7cbcdddf1c50380516761dab8a9f052c23bc914603d53e54ac08f1e2cd6cec3a63c9fff000082d2a556a1e7bb46cd0f66b6eb04af605e77bb02fe04528c1c046db5f6e2b7b5d6c838f9bd0cc9f4835540e4cab6804893a3f8cb725476f838d306ed07fe62a9efd73be42ac5145b1ac03c7ff4e8d54cf234cf9da21917cac52d2450279a99b481f91cb1666b0b8d477f0e36c2390e1eee8700b28bf4cf2b2cdce1a80e1c0ba6f6589617ef5a9feb057b427998fcc122e3bd837a424f87ef5c13d3006d3fac6f9a5688532536338133bd1945c038fef5c53d0d0ebb5379df11e8b633b5256052cf5ef8323049b6a3b3ee1539285dc6f33f7f939f095ea8442a8ede11b1f730648cad680e47b0697f18ba85255879f1661f8ff53f46b3d44d4e927f6d842bee386ab192c5f28ea4ca972a3aa89131a1f100c9a396e450b4259b0cab19fb6bfe63a68118928cffc4002e1100020201030205030403010100000000010200110304122113310510224151145261203032424071811533ffda0008010201013f003e7718c2798cd1df88724ea983342f03c46b8a6030183f40fd67cc98c798d321a991e168a093c46044b80c4314c53e40c1fb5b61586e1e21bb8d331318dcb9a4cf8f1e405c7153599f1e47b41c577820886218860ed041fb9426d5871ac3814c7d18699340fec2368b30feb0e972fc4e83f6a9d26f8812a2218ab1479083fc3e3e21443dd61c58cff599b000fc2c18cc5481654020f21fe18852e1410041dcf1f337e302eae2e417452a7570ee0370940d518548f6ff000f88d9954710eb72e456e8add7171067c8feb6e2bf889add7aae37c6179aa9a5565c29484ee009333e2cc007dfb41a1b663d0e0195598bb34e10802d8cbca0dd5c2c0917c195fa47ec581dccde9dae6f5f98d995549997565d88ddb57ee9f50d8eeb216b89abce98760a17ef34b9b263277126c76109c8daa1919031f898f5794dedc6768e389a8d63e4d4630c3d2a45ccfe221485c449b8adb13a87213947f213ea719c0720688e3362377731f89e4c79cabb1a066374ca8aea6c1fd9ba8f95545dcfaae39150be676704d2d706175c646e6b35de63d5a59b3fea67d6bb9da385803b5db103da2e16e48f555181321602acdf698b09624382b3e9f3e362f8fb1f6334994e0c6e1c7a892664cead6a49e7bf13361538d9c63da4722a23e5385f2336eaee23ea0f4e95c153534de2031602cca58fbccce75390e4028cf0dd63616a66f4fb88acaea194d83fb1adf101851c2905be267d517c38f9dac798d941c78dd9b907b46d5efc5638e238c59513d6010265650e543453462edabe2611c9a377ed15471de03400205dc2156800674b1b9f5a5df68fa5c4cc42822b9b9977a0adc58769931952c40ab83263542022123b185c6424f21a633b1b812f9b1de7856bf9e939efdbf5f89f8b0c67a584f3ee63e7eab6e73ea9d514216eb229501663c658a82bc0ee667c0294293625306370f0bc181d8a80073f3313b29e5ffecea9efb8c5d5e541dee2ebb904a18357a6e6f208357809a1905cd4baddef991c35063c031d6cb11d846700f130e2673bafd33620f6b3341a14246461fe841b615afd1e2faefa7c3b54fa9a7addae0e26336d1333271713544d5188b48aedcd8997c39b2e42cab5713c1f10ff00e99266f0bc2a2f1b19f4c10f0662d26a327f5a1f27883c301fe790ff00c8ba1d2a77dfff004c3e1fa66e549b99b40d8fd486323d9dc0c5d3a1ee4c38715729069face1531d7330f8722e10ac7987404834e26995828dde41ae84af23c09e2b90e6d4b7c0e27f15e2106e25a1b063b6ee6786630fa8c7b8588aa2a1caca78858b76166262356fc40ba7436145fcc6cedec20d464b9d55614631dbca98b955c51ef32a2d98d80b7bd4c1a4caedea3e9130e9f1201b56abde31e204b1714058584dd667b0f27fe0dfea6a31eec8788d8da3633f128cab9e0e87a0e6b927bc20a1e0d88cea47e6634c839b8779ee60510b28857744c18d7916c628c5daaa1d3e057dd654c7d36ffe3922e88ff668b8d1046c89ed0e4dcdcf0043a9c63df896187a5a3357f2334d6cbb8ad7c7995b15735987a7948f630ac64831af371b12f140cf0fd52e25e938a04f0613c5df1032df6e6037d8ce7e6107e6645422f754c577e9c8a47c5cdc07730c0c8c2984a1c6d352dfe6513dda647c78d7e4ccb91dc57606643980a0e76fbcc19f6dee63c7bcc3abc0f9177415b46dede66788e20ca1a3795422e28b2223a62c36cd5336b58d9434b31f89e751dc113ff4f29fea2a36b72bf008170bbb1019e61a5048222d3000fc7329f8a1c7ccded746a757f137d8bbe27581ed3539d40abb3f10e7ca14906aa62d5000ef5dc207c6efe9535327487267846a7af84a91caf173689b0c266a94b55f699b4cf44a8b10820cef38984725bd9665667c837b1a8e718c7b55c5cc6bb9b69e3e21de962067245c4e56f9b131b006c898f352fa5bfd88354fd81150e50070d1f3b3588e49ecc47e233b8205994c4d83cc4562c411fee1c0a6b9a102014008c4d9526781351ca95e5736cc98c38a8703af633269d5ff0096211b4187ed711bc3b11ece446c18f10750d732a9b3700fc40c6efde2a6ee499b5ae633c183930b6d315ebb083257bc6cd6076872188fb8d3476da04191f75c049a30b6d164c625dae782f1948f912bf41f3d8bf1354995723961e93fc665c57661c34791151201f895cca2a07e6106ec4258df1701226ea6ec4c71c02255a83142d4c85af91032dcc4d6a4184b13f31719004f0952329e3da59137fe3c8fe9d6e30d889f758ea2115dbc88b8a2137500844f4fbc0001de0347b4da0f222802e150d7cc09468c543b7b08abb496a1b6714284f0ac745dcc355faaa31f88fca9b99d29881dbda5c3e7500f79ba122bb4047b895700a8604f89b4f722281c88162a6ee269718c78547bfbf954bf3a8211c4ca808a99b1d120cc98996197057ccba80ee84737e6040201f9807e7c94763029278134b85b759113b08166d84f96e97e449957c19a8c1b8581ccaae1847d1a3f2876c6d066f6171b4f953ba19b1be20469b5a749a0c4d0616f8830bfc41a7c9f1174598f64313c3729ee2a2786a8eed134b897da0441ed079fd42f6220c887bb4057ee9c7dd369947cae14c6ddd44e8e1fb674717b09d2c667d3e1fb67d269cff58747a73fd20d1e9fec834ba7fb041830fd820c78c7f41287b09cfc4a69b5a6dfcc3b07769d541db99d563d926ecb2819d343ed3a2b0e323b34ac83fbc0d97ee9d4c9f33aadf883391ed3ae7e20cff89d71f6cfa85fb61c809ed065fc4fa85fb67d40fb61cdf89f507e2759fe04eae49bb21f79b5cff68317cb19d348001e7fffc4003211000202010302040405040301000000000102001103041221133105104151223242611420305271438191b14062a1d1ffda0008010301013f00f203c904020598d26d9b44e98f4812a1511d6308c3c8c6f4fd3100f251c4588b11613c4c99513e63ccc7951f9530422308c23087bc30fe71e775011054150768b3109508e26b30e427700489a2c4e1ac8a10761e4d1c469ef0c23f38fca18c0ec20cad1739131eb76c4d7623dcc5d4616faa07c67ea8197de6e5f7962168ec218d0c6ff8343c86ef781f20ecd065ca3ea987392a2cc392e3342d098637fc4b9717257106432d8f6102642793570e320587b9d2ca413b61b1dc4047e61fa97059ed130b13cc1a2c78d97aad562c476c38d3e11cdd5cd26858bae42dc4d432b6637900da68098726136bb37573ba64d6e738ced0157b70272f65a947fb84622b40ff0079d36e76f23dc7eb513e93a6f57b674dbda2616670b30e93a6aa76ee6bf961c01eb7630b5da369b4ed9779dc48ae267c09900da003f7815060e9ab151ef1f458456fcabb8f3ccc1e1eb8f03ec2a491c4c3e1cd45b301c7a08e9bd99062ac4df21834f91738c75190e1caa158013278663cd8432a80c44cb89f13b230a23f440b98f0bb9a9f85e454098942d005bd44d872034285f68fa66a1439f59a7d0a635dc796ff00518aa1b0013eb1b2a8efc5f10ba8563d857cd32e72bb0a90c20cf8720d99073ffc9aad30d43a3237c0a0098f4db0060791554de931ef191416dca7bdc72a1d7128af6317126eb38ceef799fc3df3651b69566055c18d50b4f11d2a67434bf17a34646462ac288fd0d2683a8c8cc1b6cc5815323f1c45421dd15783eb174bb3273cf317a98d9ced244d3623b43b0a31ee8d087793c8997b2d88ec7e2871962482d55cc059b92459ff0010e4c8808c6fdbbfa88ba8c810331524f153105662680331b8e0137553a65f203bdb69ee0ca6c7400056310579942a8cf14d06e5eaa771dff8fc9c79f8778602a32e51fc2c5c3d35daa284d9cc0bd363677477a0d47f89872b5fc4229b0a47b406f82b0e2b7249e3da66c4b5c0ba8b813b32c6d16273daae3e8582900830e8f3fc2571b731b4b99402d8cd4d302286da31128f1c12202052fad44b03999dd40a85cfbd5769adf11ca2f1a371ea66f606037f93c2747d7cbbd87c2bfee2a003b465b342325ccba711b05099f504b944e28f7987c4fa48031ba8fe379bfa69fe660f17c8c6b2a889ac0e6c0a99bc4b4f8febb3ec398fe3593fa78c0fb987c575adeabfe22f8bead4f3b4ff0069a7f134cbf0e4115f17d256a1ccc2abb45763eb326a130a9666993c4dce52547c30f890aa2adccccc198912a0e2a6ef2027866218f0209c4a8ea0f102b1144cf11271e9721534633126ea04045cdbb7b985ff006cdd958516350631ea67484e9b0ed00be089b4a9e262cac3d663d6055162e6a7c431227c1f319975193213b9a2c2d09b801336d79e3f9d7f9134f94aa8e675c11de0c97cdc524f318d19e3590f5516fe1abdbf7f782987315488eca4d541b47a4b262a34e446c8c7884b7bc191cc5cd5dd61d47b0858b1810930252f1dcc4d3643e936153cac54becb32fc26afcc351b9a4cdd4c60c04d08a68c4c9f785c0ee44f14d1b676eae33640e444c6d745799f86f87bd1870110618b84198b157005ccb845738ebef1b0372409b68d42a41b0651be652c15ed30e07c878e04c5a7c63ee44c1870836501f69a9d28246c5efe93368b3e343c4364f3f93c3f2956db15819b8c0f70184c7c6f972f0b316950506f9a3683037a5183c3f1fa96b8ba4c0a2c830a22afc2b77328048b0c0dc662bdb95be21e81bdd0e971372a4cfc11f4683486e8c1a203de60c1b7d2841a7c4585c6c04fca6a105382799bdcf0278ae9c62cc083c3795c0b34854198f28b009a82ea5c0d1dfb0100db8c6d1ccc7bce4dc53b42df501c7ac50af456a051c8a8e76b76132293d8c6c44b1dcb3f0cb4491cc18eead6261ae4f78b4a79115148b150edaa61199550107f88b9d80371f213c9366232950d3c645f4dbcee63c855ae0d4a30a331ea36fcb97fb18356c7d50c5d591f42ff009833177535531b5a88040aa3812c2f613728e49993616e7931c6c02a2d38ed0addc18811fcc5c66c837028b9910a532c41bc98d852aa10a370315371a8aa116a78b92514fb197e620f2b3ef03b7ee9a6c98d91003f10ef31e634a2a0ce08e0c2eed63b4b6f7b8092393708045c56046d6ed000a011382605f4b8ae790c3997468c6c8f7512aac186ea66f981ee3da2ed55bed0e50d6278935e306fd60e65790fcba472b904c4f6b05402024184dcb0408fcc5c943bd456b020c96c6c47a61c1e61257830b6e1031420911b2122c467f8ec3467dca05f32cf3ccf107bdaa200651f21e771473cc4bdc2a607a02e2107983bcfe25710f10b455e27c43b4be04bf58c4b726131b29aa30bfb18c6c832cc2d5de677df958f958f2e603e43cb13d1985c328989ea03019665fda13515a186185bd23b7da1367b4a3181814facd4ba8140c63ccdd2cc03cb6caf306a69b385344c0c18583175253e61706af01f5a8b911c70c0ce3dfcf7096008587bc254724c6c98c7778753a75ef9163f8869c76b31fc4bf6a47d5e57f5859c987cfa0de8d0e27136b8ee273e563caa0c9917b3309d7cff00bccebe63dcff00e0833e51ed06af503ea835ba9fdf06bb543eb9f8dd51fea43acd41ef91a7e233fabb439321eecdfe6124facafbce3de5acbf658379ecb3a4e7bce92fab4ac505cea38f58331f513a80fd32d0fd336e3fdb3a293a493a0bee67e1fef3f0ff00f69d2fbce89fdd0623ef0e13fba74bef3a3f78307fda0c03dcce8a41892018c7d337a0ec90e5f613a8f18927cfffc40042100002010204030506030506050500000000010203110412213113415105102232611420427181911530a1405052b1d123335362e1f0436372a2f134546492c1ffda0008010100013f02f7d8bbec2ee488a32994e19c31d332162c58b0d0ff0071b23dcbb922c244626514450321909531ad4b161a1a18ff007131772ee458488ad0b1189181c31d327024b5122c5868687dcc7fb817b9112d0488a2c5344202a64a99560545e2ef631a18c7fb55cb97f757b9120b42c47ba96e53efac56f30bbd8c631fedb72e5fb932e262641906addcbba9b21314d0e68ab32abf177b18c6318ff6db972e663319c5508d523585508d41490a42a82ac7189d41bd7bdb1b1b1b18c63fdc7733b1576858a162d75162d753da9753da7d458843ae8e29c54671b1b1b1b1feedbb33cba9c59f538b238d229d6b998722e5cb971fef0a6ec6733172e5ff0079233198bf7706adaf91987ecaad554652f0a656ecba9c651a7b153055e136ac7b257b379469a767dd67fbb22a4f64d9ecb5f85c4c8ed7b180ecacd053ada5f6453ecda30ab9d46e351b59c11996891e28c47195b496a7c1a953b3b0b395ee61b03429ce6da52e856c350e1d4cb4fc451c1d7af59c211f9be862bb3eae1f7d7f7451a53ad52308ad5985ecbc3bc3a5563e3bbbb29d0c351846308a259541787e846f348565ccaf7b68c841e6cce64a517a58a8f26571db99ed3393f29c3ad377cb6238669ddfe846366ca74e1453cbcf5654942a68d14bb370a9b9ca37676b538c2bf85597ee3a74e5527184776ca1d8ae1593aaef05afccfc230aeb67bf87f84a582a387bba714855ea4a59725bd4e1ad3c4f56658f2f1095e3d09ca493bcacccd3d2ec8d394e2b5161aadbcc88504bccee4b2b9d9683764df42955e245cb919fd451aaddeeae3a6b326f5b12a6f78b3b43015eaff68edf2274e517aaeed7f6ef67af6be46767f67fb53a97965ca61fb2561abf13366b2d09cdec9dca6e72f926719b52d7529d6a707276258e854bc637639b8d94084e5259be12751557f2e6528c637ccb73894e3176d11ed4ac9a2788bc24537293f0f98b4e3ab7f62be23246e95ca52ab8a4ecb2fa94e738bc8dea84cbe5d59193a9abd62627074aa45b48a784a54eae692bd9ec63e9c271cd05fb3d3a53ab2b45182eca6dbe22313d9338d5f06c61fb27479cc3f654635733d8c5f65539b563f0b70af0fe1bea46951c96b0a2a9579e5e762a55536a119ea71634524bcdcec2ad3b7917a1d5df57bb1d1cde1b908c22b4d0d16867ad1705085ff41a57d77269ca1e1767c88d1af29f8aa2f922ae131737e1d174239a32b669315770f165d48e3b1138cbc3f528ba929abec4aa430ef2ded77725353775c8a35e2f42ad492db5f417156cd245484b23f15c95dbbec4fc517168ad49d37fb2518e7ab08f5654ecc59a1630d82a7463b0ea5b912d791bad48fa19acf52d1b5c9ca108b93666e2b6de91fe6472c36b5fee38cf366911d7fa8b595edd0d53db7146fa491913be8384df97c3c8cae0fc4dbb3b74162953bc66d7adca5253aca505fefa93a9935258ac9172caedd4956c3d64f6b91851e4fee4f3c3fa95d71b728539c149b9e9d09d5504d4524d94aad49b59be852ab3a8dfa126941b72313529bcb951b93a4a5ba2b53c92fd87b36952ab51c6762a763d1934d223d994a36d352107a5c659c8bb8ad51279a3a32ed2b2dcd5ee4a568eba24549baadbfb216c423e24edb91cfcdbb742fcb90e968a5cf41b517a91b3965bb45a71b697d77ea666edac79991b8476727e854c3d1526b5b7aad8ad17462ece6ba58cf8bafa67d08caa538e4515621532ef4adea91771a8ed2e7bf5334650f366eaf629cd2978a1bf52aa8a6a5124e9cecedf31b834ed12756705e0238875165912dad6380f2a9665b14dd9fa189a30a91ba2a52707afe7d0c055ad1cc8a785af0acb959941cf2a1e6b9c45b0b4d58a64aa168d8d390f42b5775656f848ae86ba69b893d2fcf71ad371a968d69f31676af3b3974e843c57dacbff0024539ebbfd486449c9435f91e4bf36d5c845c575f4f96825e16a1e25d4970e6bcbafebf33d8ba4f98e964d34b966dd9537e827e1f221bbe99a2afb9282bb8696b9671fe2b5f99074b6945fcf9151c68bf0acc894e557551b7a73270b4b62e3724b462ba5cd19adb18ba5c487846acff3bb367529432ca24f2cb5b108d96e6623351d4e266e45df22eadb9c4b2b11ad0f8518aaeea7856c242d79906a52d74b1c485d65dba927aea9adbe87134db56257d1ef6fd53237d55e2a577a7fe0494b877d7d36216cd9e4b5ebaafa99e3c48df7b7d3e849c9b8eb24ada7a8f3de16524d3b7cc7194a377fcff4b94a7394dc72d96caf72a49cd5351ddaf910ba829bd86fc51f0bdf35efd495a36f5f37445bc7276b35cbe64a9ddd9dfe9c8e1d3dba8e19348c859a2c7533c2d7572daec64babf765cab51c7a48c451f8bf370985799498a4ad648427dde0b22a7f944aeb529538ba97249ddc6c4a368bb6f63c71dc92d16624f97216917ea53c96d6eaf2e9a1e576f9333abbb4f538b96f759bd6ff005275636d1e9cb538f24d2bebcbfd08578b5e38ea9dfa0aaa4b44ede84d4b26795efcfe4424eea4a4a517d74b23378e5296db24fd0749b9279765a7524eeefe5e9733e92b42ebee54e23494a2be44b593e972f1f0a93d39a16ae449ea7d0a91d341a62dac424a2b53c2e6e4668cb9197a1f863a907e25a95fb17150bb8ea89d39c1da516bf2b0985beac494761172e4a4538b6eed9a12a57e653828d995aa3b5d2219a5ab2b66e2cd456c494a6fe4351c9ac35bee27cf5761b76e6677b7215fcc5095e3776d1fd4752176ddff0046374ac9a7f5e63ab1cd7d361d57ca5f6446bb83bdc8e2e37d9d8962a8dfc0d7d74b13c652b27ebb23db69a6c55a33c8b269cfe479a5ff004ad513e6ac3b3bfa93df3295ec655764a367e9c99bfd8caac2591f8b62555ca57d894db56208c253b2bb42eec6e0a9e221aad7a98cc1cf0d3b3fc8c250ceee2b42362e27dd988b235351544ccfa6c671bf4214e36313171aa9a1a5ad9d8695fd48e17112f2d397d57f52a61abc15e547f51ca56b6542a9d62546a5d4b28eaa7fa1786d6b118a7d7e853c15796d4e563f0aacfe05f73f07acfe28a3f0aaeb9a64f035d6f01a6b7899e79aea563da2b3b78b6389514af98cc98eac22f467b52fe0b9ed6de99111c5ff00cb3889af2ea2a32abbea55c1d7a7ae5ba35e852dca0ef6ee633b4f0cab50d16a4e1284acfdea70cd248a34d42086c94ca5b0df74a4d4484e5722ccecb9878c32a7ccada31e1a73d6c2ecf87c4fec53a14697960919872b988c3c5bbd8942c4be452ecec4d5f872af529763505e79397e853a14692b42097736714556268cab420f7457c2d98e9c9091516859f722302861dc991a718ab2248a74a39e5a683c35097c08a74d41e9decaacc7765c2bf8e32b32a41d39b8befb163034b5b9264e4651688b974464b6384989652e6169a9c9dde885753f0996fc873ca46b21c91265ddce15d6a7b1537bb653a1469f96091990eb451ed1138f133c5934992ba156922351491561744a161d22a2d4b0e09987c3b93ea51c12f88a74e34f636272bb2364849096bdecaf237491da14dc3112bfb8b568c341469dc97744dcd8422e3b99b29d9d794a7d0cd08e85f42b210a4d118b96a469a45c75521d61c9b19aa2e5c551a33a64e3cd1113ea4e2344a9dd99110c2f11e8bea51a10a4ac9161e84eec96f62946cb52e8cc663322a564872cd22f97998eadc5af27ee51d6a44847c08944ca463a086642cc45994e9f12718753c34e3920b425996ad119e9a0e43dccdc88d7b2471c9546c5999906977343cdc8e157e8ca7492f36a2c3d33871e83c2ae4ec70664e364392346468ca6fd0841455922ddcec55abd0a3e29dfba4cccd0ea31d43cdb8dc217937a2319da32ab784348fbb87fef6247c88b0e0586addcd99931591becca0a5c54474d495dad849c4ccf98da28d35cc71831c225a28ce8731c8e247a8ddc5a10a86fb1c471235132e711174c718bdd21462b65dee4912ae4eab63212cb13337bb2751c256154b9e07b92ca7163b231d89508654fc4fdd49bd8a542be756a7229df22bf7eddcd13d0b99cce9185aa95659b665bba52457c5d1a5e6bfd0a588a35178599ccc6633233a1d45d4ab8ca31f8d11c4426d8eb4e051c6c5bb4f4f5109b45d346c539c5ee3a6a5b33265e66768e29c61d56666cca4ac89d6823da5be5647b52d8ab89935b215493d51ed6d6c38cea528cff0042bd6951a79946e55ab2ab2cd2f76382a31e42a14d723154d2d8b8fbb977348951e870f51502315128e2a50b296b11d483574cc46312ba5ab279a72726588e26bc1786a3fe67e2188ff2fd8fc4711fe5258dc4cbe2334fa9af33e4414f4cb7b8e38a9ad897163bdd187c757a765e6452ed0a73b27e1f98a4bb932336712439266868683912a892d593c53acfc3a44853e6ddcadc4872b1091bad04a5a683a2af79e9e871ddb2adad62b51a9569da2fe84a8d58ef07efd58e68928d9fb962dee31e889d479f30ea4594a39f4dbd454a8a8d96bea4b0cdec470951bfff004e0d4fe1670a7d0e0c85874ad7911a50caf4fa945c95ddee5ecb35b9e84e349c7c514f4ff6cadd9fade83fa196507e38b2962ebd3da5a74643b527f140a7da5425bdd14f17879f96a233aea663319913c761e1f1afa6a4fb470e96ed988c555ada6d1e852f325714631b5f9156516b2dae995697f0dec71a71765b14ebbbf9751b6f7230bf32117c8c3a85494e2f96c4fb3e84b9153b1a9bd8a9d91563b32583c447e0ee64a5644a4a5232997bec58b7758ada47e6565a9468b93234dd9aca70e4b53ee4a128c91752d726b71c16f9474e3a7cdfa11a57bf892f4386f9a76b7223c3cab47f71469cbfd470c90dbe659d284d6bbec65cd4ed2d6eb55fd49767e1ea6aad1f91f85432bf135ebc89606ac1f55e83a56dd1aada52154af17e790f1b8a5cd12ab5ab79a4d99343e8421293d0a342c59b21750dfe64b5f98e1cac469c7a0e8e48e62356997d34e6517253472ef708be5dd62adac54aad4b428d78d443458ca584868b773a79f5e83a2a2efea452486e6a518a57b95f7fa116edb8eeb9b2e5e4f999a4d6a66eb622dd9a6ee87a46c472f5dc4b7e846db6c713a3fa1195bd6dd48d4dd59fdc6e2dbdc968f292a7a797a248777e9fd054a934fc372d6e4be45a2fe1e46459763664256dc93bdc4bc5e8f71d35bf43ccec4636375cca94a39ba0b3474be8ca76bad7ddbf755895e1e2637284ae8a58f5b485560f99745fddd9127a91924ad2dae668257d3d0954a6ded72695eebedcc8e5a8d465a734c94786b5ff007735135b7d86fd4a35257bf24b45f32f37a37f41785a13b11a8b67b741b57b92bcba1687c5b929c5bd2f1fd072f15c73be88e6f415eeef7ff42ca69327192bef6e42666776ccb164a32bad051b8d69bdd896aada590a2efa11596fa15a37e4642c41de29fb962c38989a256a64e98a5521b3238ca8b7238f163e22c641f33da63d4a5594ea4624e3e125e676defdcd3fe22cd99ef96e4a229c9a49c8765a1e5d992caddec29e4d511aeee6684f98a0f9125e9f3233ba6857e5c9975276bb4ff4335b44d591a6fd4ca99cec245f5ccd919dc9416bd48c6dbc6e668dccc884d3d05677f15d8a6ae69636454972b96231292fece3f235f79a4c9e1a9cb913ece8325d984bb318fb358fb3a43c0541e0eb7a9d9f859c2a39cbe489e889eedfd8b35b8f76cb3b7a9f37a8f7257257697a0aed2214dbe62a6b4f98e9c5223a31197c572f1ccc596cd91b37bf31f85fc8bb14a3cc7a8a36364d686b9884f4b967cddc95b44b9777421f0ec2865d05ff0051565a69dd97d4461dff0066bb9aefbfbd632a3871e87061d0f678155284acba8f54ca97d0b3716742c2574256b733870b92a69ff51d3d13d8f98e6969235270ccbe442a3a7a6e39bcdbe9e84a3e3bdb414b61ff00b64aed4656d44a2f99283b213916799ecff91bdee709dc516872342d6469629a8b7a92528ebbdfa129e96eeb0b916b143fbb5fb056a119eb7d47cc9e5bbd113717b21d35d44b2df4d0ceb2ec393166dd6c664d16d37fa7755fef17c88ad0f41d3bfa7a8f76ac52a91f24be85e17d9ea3bf3d486b74876be922152325e2dc6b2ec2f113891bc90de96dc71d34223646eb98aeb58dc8f925989588c596f08e259f330ffdda1f769f9aee558da6fd49c48a62dda6cbf22ff62c99d7d470225f9364ff00bca65fb9295ba92cc978ad7dbe8648e6e9a1256bdd172306e2fe46b17a22e5393b0e2bd4fa191113c5724ba163291e83846cdb1c2c46ddd6d495b6b9495a0bbb6fce72456d6cc9c7bb4fe82db71ebb885b8ec349dfaf52dd454eeb6e62372371e5b7cf51536e517b928e838588e94f556e84a2a6280e2d1195fb9a169a19cfe459216e2d18d5996b9af77317990aa233a255119dfe64a5dd2d8689c6dddcdfa97b122fb9cbb935b0f615afdd6686eea2b716f6b1bf94e1cefb12cd27a89bcdb69dcf5f30934696dc57e8598e93b8a167dc95bba59d964b99af246dcc97d8a7aebdcc512df9925dd392488d6b4acf61ab928925a9aab77a7c98ef19584c5a9e1d46b5344371b9cc76137d7bb42ccf91cec95cd3635177fc8f99733366e365ec49949f84625f9f3456a6dec4e2d1431395e596dc98f52511c3b924655d4f47b0e2958f31a9d04b5b0f52dd4e858b9cb635ee727f415fa8b909f75cb96ebee683922a4db69147ca8b77e47dd7fcb921a2bc0a912962a74b47ac48d58548dd3bf76865ef4b711bf772e6786db8d776fef3dfb9bea2d86cb972e6725550ea99efa22184ab37e5b14a8e556321c32ddd7f735eebfbd62702ac2e8ab02511394259910c5a7e7d18a698a5ee3b7b9a72eebf7662e2f565ccc6633198cf7339c51d6b1c63878995f2d397f221d9f8a979a718fea53ecba4bcce53f9b214210f2c123222c32fdf6433319bdcbfa775fd4cc5cba342504caf87654a44a0389e25b3157aa858c6b788b1707cce344e2aea7117a1c44710e2a38871119d19ce29c53883ac71b41546f65732621ed4a5f61613172f82df3647b2ebbde697ea47b2a3f1547f423d9d865f07dc8d1a70f2c5232a2cbbae5cbfbb99753732b2de865465eed7a1af4fc8951a52de03c0e19fc1fa8fb2f0dd663ec8c3ff001cc7d8b1ff001bf43f035ffb8ffb4fc0bfe7fe83ec2a9caba3f05c57f8f03f06c67f8d0fd4fc1f19fe2d3fd45d8f8c5ff169fea7e118bff1a9fea7e115b9d68fd85d8f3bff00ea17ff0053f07ffe47fda2ec6873acfec7e11439d4a82ec9c2ae737f53f0dc1ff03fbb2381c247fe0c7f98a8505b528fd8b2f76e8cc8cc662e59f432c8c8cb1788eac10f1514471dea471c471dea2c62162a271e07120668975d7bec58ca788f1172e662e5cb972e5cb972e5cbf768685d198cc8cc5cbb3c4788cb232b327a995753c25e071608788821e2e24b1cba93c7fa93ed25fc44fb47a12c6d565df5155a8be2162aa21635f4238e5d48e37fcc2c6fa8b1bea2c6fa8b1bea2c68b1a2c6a16311ed88f6b89ed3138f038d038b0389033c0cd03344cd12f01642d4faa1f0fa97817817819a067819e071297538d038f03da227b54478b88f18878d1e3bd478ef51e3fd4963fd497687a92c78f193654af2e4d8e527bbfcabb334ba9c59f51569f515599c490aa48e24ba9c490aacce24fa9c49f53893ea7167d45567d4e2cfa9c59f538b338b3ea7167d4e2cfa9c59f538b3ea7167d4e2cfa9c59f538b3ea7167d4e24ac3ab3ea3ab3ea71663ab3ea3ab3ea7167d47567d47567d475a7d4e2cfa99a5d7f2bffc4002a10010002010303020701010101000000000100112131415110617181912030a1b1c1d1f0e140f150ffda0008010100013f218f521f06408c9958e80d43a3662f88b318561d27a0112247e6f7ebdfe27e2a9e9d2b1d62095d0d1d0c50ea2f189e2154a60f814104631f93b757e4bf313a0861875f13733043b62f13169f070f5408c1d0fc8d271f358b2e0fc2c3d08412fe870108cb0a885506a504aa425410f484104631ff009afa0820f807421337ab8c4a86014423014c1d2a8c10c30c118c7ae3ae9f06afc8c7c372e0c3a219706a6bea193a2dc78832860811d092e2592462f8dc7e07a6d2fe3c7cdbea1d60ba01cc3aab86b031d574ef14de5dde584ba062fc200a2f847e55fc7bf4c7cbccb65a03bf4aafae31206395106b297ac39201f8551458c58f47e1f4f86ffecb49df601bba0efc24c733335e832c3d051f91bfc35f0df5c47fe9b50c3aecb172e5cbe97f0e7e46df0d7fd583d1684ddb538226f90bd252accd7c430b6a19e6888b0242eea3668cbf836ebb7c79ff00b7e8f84284032ce0e1da0e3866114e2a567a222a7999f2c332b0a7936962e4b6cbf05ec827150a7699020f6044b08d30ccf1d31f2bd3a5ff00d168648ab6a5eb4c685beac58450ecfc4750267c4a155c4b053acad206715ac1dc8316c2ede534e78967aed6e5e5f7405ece81b542f14ab6b2cc36adae66317b4ab6325fff00089bbac101a94a7d9122ce70c5c1a2cb6a8bab31051bc35cc70d1a68eb28dd5b4a1bbf4da54826e2c19eb5b100f53896f90ea6d2aabca94a8466cbf694b096ac890a154bef2f1e77131f942fdd0cbe71580e58b84e88751f5f8f6ff90bda2234f41abaa57b4cfacd2f9bd4ca6670cf689b78fb0942f7a200eb629b422f94da69ef02095bfbcaedbcb7e3b4a61906b3edde6f5bb26d696a10b470df68748ced5cc4faad74d567bc2c8d2a11582f01a431a5795999dac0fa4b71acd45d76229550d17bccb160871d876834c5190dba5fc3c7c0fcccd3b29ebb4206b41de32aa5ec8c66a3e9b10051d26844fb51b3af6220d15e463a80ada97f12af01b2ad0cc123d7b1ac5cdc578d21931b4bbbfc45a2dad7d510288729dfbb3b7db97999297c92fb95a0c417aa3516c2329b41334c784cd56d2d31aa72b0b6b0ccd519e21a3b9983a906e92aaf620500834d2e3487d53410bad7fcb93434871bbac348612c56240c071212b299337045cc6a885c9438375e6597598e48cdc8ecbb45674a75f576988b7dae96a156b3d95eb0686dcc1a42cbc3dff13596ac839f31057ec366ae2a5c09d9f44a30e1bdaae0c59bc450f2720b83c1bbef09af66f933818ce1fe4529613465a4063b87f103c06c46aa15a2f3736df45f3340096f189ab5c676fb4b201d423b6310ff00832d0dae540bc475029329b23c94cb8623b150fa002c006de6032e9462e0259a7fcaef172d8633cccba27f36da36a25db18f7264da3918942c93d79da129ee28ddc7acd3862aa7d04a17c144075dfd3b4d6ae1d9ebe905059dc13c292db4c60c1e8dca6254df49573f073eb1c3e2823a62304265e2199596afb038999b92117cb5da32f54d4bac5c3e3d7d6608c5648f129dc663b5e48812a8bcb2d6a4ac347e662cf1f3ee65130f2b5265ced352c28a998592f315352cc42bb467e92acc30aae084f2abfcc4b352f27a4ac37d141acd337836d2f5ac40ef1f6de5da39348df9952ba20e0d979de512a54157a63f9a446db6e8d7b69473138dd5a1bcd62bec432b5560cdd86287763d3365e342e1b731320872ce3fb78059702daaeb032b196d8db1896877dde6afbc6e47826a42ba5765632db588f50c4e147bcc7eb634a652a15a1b220a0ec8b18a69bca3a6bd1aae2931a59a1034d66b9a1e92ecb5f6da003927bd711107e36574aea0a81ac3be1b2ed339a84e8a266440de15e12b056f889b26230abea015d5b2cd04bd72f894b18632f925fe8458fd2b103b055e5b6651432edf64a2afd07d1ed04d3a8183d07de319809cab3b3ee8c5390e787d6e0c18dc327b2aab04190b8470b44d69d88520a545b433413d1050d59e6589e6cc37c2d937a9c2c31b37da3059d75819d04ac6b35620ce02d344ed2dbe91680bb416f4d163071bc0d05958e03b20dae578e094d66ee5594e1cb9acc90375c6b6a00cd0f39fac4d9cc75cf06b89bdf7a6b12b93e462625f4d704487a441ab5173304d1bda6d925cf0836aa8e8710a4d72922acd26a535ddcc503455fe6e6146ec11a007f9afd670626efb25201ee71c7df88547615756ec4450cac36907540bb71cb2abec79acccf06f80db931babbca6e6193caf79c4b06f93c579841a8a02b08c59e26243366caa6a8157bb77dce4b61b95bcae313682bcb71ce6b179ccc34bb5aa3b76fb4bee64d4b9e7de54ad8c5ab8ae5f485cf5a80e02c3eb1388d8ba06d2ea958dfb41ce6031cabfb12c4bdd7a4bfe7bd0455182efd20ecc55a019daa692216078ba7917f26f070008410ca19ca09a64711e73668e9a021649fa4e42bd8ef13eadab9da1b3afb980e2a3e3d734f04764d2f4bc778d7c9fd89b4bb336359daa2bb6b3702ef70c90366b43cde23728c3bade098b198c86fbe19828e1d683e903ad0940ee691990273c97aa7b4b9c0d362de9138d8a721be2291b54a47de276bb39c7f12c3d43400ba73ed2d4d801aed99792687d29ff00278519e165461daef594a5baacfa788adaf5f5622abbe84c92a19f3325538389c2b7beb2c67393458689a313004128e39e97f128a21a021682ef0c111b4e482407a4346931ef2d201670bb4d2e036dc8a35276c46b736c59da76e7c040dc3f0fc41721b9751682ea5d3117ba2e33d8ed3b0578eed65853d497052ecefe932965dab10d81e63ff4f95d2b4bff0078cc0c171cc06d176d2012e4287b4dc4fb44e39392e65be235d5bc90fc4c254f11771ef71c3d1edb436af0a2172931d5478dc2238874688cb29d2323a497d2faa4ce7480413041149504da35a9ad92f9b507577302775c7bd8946bdf18dfa71aa473abeec410c54706938732688ac7cec7e9327daf44f483c998a46ac54439a03e668789b4e22cb610da590663b5886a8f2ca9108335377384d649e4c4aedaaba52bd1a21ccbac52ea6b844bea62cb650d455a217a88399eb14712a288a2c6a0eb66f488dcc1de5e82528b9134d1187a0396c0f323f6d2655ce77f788efd681e03d486e2078c4a5306865aa65598f1e3367978a7840038f62094358d65d1f68888993d162b94e0d60d8f139a8f56a001cb0446e8811b39c56355ca56b175ac6a2f063c03a1b83b2255c223989bd61dac34d913bde20d7a73ba47a058ee4030ae8cdd3a1a2168e9516cc70a01ed1eba0df8403eaa1c2505b3d1c4146b295598ca9cca7310de01444396c9a01770846cbc75b61a5de0fa51b352e9185d06f48451bc71062610165ed2c35811d6ca8fa919324dc975a46026913376835654cdc0114976b1268b06a7031e3da88c84c75172e6f147ca42748c6137304e1439f46356185285bdb4ba358fb319ae198b5ac328368c23567eff0042a53d3ea22f62684944d254e24252460ccccaa5c1877a5b006c5acb1185a8869438c1983cbcef362e8c810893bb33d2201c246c9e8ca3352dd4de653995b50de4d45792e68a9e09471d0d95188644ae6695322c96c38e628e60a410b9c7310dd7e845e67573a45b6e1d2e214158c5d57152a028c62df46b02253076ca5d43208c2b025f1d0b53890dbf4354b31bc9a27a4074f9cef4ef436b18f59e06e52065d2356593d35bf6889be4d625ab10134332d0b8dd2f41c5466f19eeebd1e79659c40598661f10ce59902b9cc549abbc35ddd67f2812d2ea3fa2de3e1d30fb7408223a2f7171330371c6653991309bbd1fb2a3b92ba53b747235bff2575940a1dff6959fb22e69ec816df04cb6de6465373463364bc950ed0cb96d2f514ef8862e3d9d489054c20d7a20c0e8c37b319e227389d113423b700662617e480638e2a2d67771c44a226a2e0503b65cb3a30ab9b8c3b911e4ea6f621f611b36f881097844630be8ca68ca369961a944788156cfef10022ab584eea603469af3972dfd6621cd396ac30ee4d2faa14e6880204bc929f5b34f289e2bcf04d7b734556317530e53ebe1d997de379beb4fe25b1dbb52cecf5042e83e19a153b9fa9bf1e1c3f5e82b2912d598a6efe349681bc0447fd5f306a05f1ac5da6b67ee2f4755dbc422aa019b9a114712b3220e717bc4cb4c3e1b021347913593388cdcaf319a6dd1625c4411962927a4291b46513a1d272a8f7099c5d1a69024a50e6f07b4d6b078facda9d85c421d34da23a2e234e36944b337da2015ee7dd131b1a2da3f894a5daa39ab39c23852945b963997016b2c71dfcc341477b3e7bc55b1adb64cd8971a9614b76d1acd5dfb333dbd232d0b556d312d3e92eeac5f3300f5d7f30fcd1cd44fd136860b45951481b41cf835a99557758c769a6643cf5ef30d5dfb3ed2cb40ada5aba7697eadce810545d7a4581424238363f486475d487461871931ad7306265268987a8a969d9ce5814e879f49a3696b3f99cb45f1037340c251578768db01931bbffb077a7b559321c9a1e7d5973bedb12eeff337d1663d88ba5cdb4be71a71982d68c0bb38d13895a1cd32299f11510ea146ebf8868d411e5a5d4aa96d0f0ab36814cbcd5df49cc2acb9a7f113805f1b67766eb1a40c0f6f4255d041471d90111c338225deade144330c4d3ced16b52b7f599aab2532d22bce496118bacb35b9b708629863394dc03665f12b1ac5cdfb0c4c8b1d2dbbd43ab1933c4343e1e5960cae17e6a3031b0dc0837459530ed10951a6a34b81bd95e320f865327d0c972b01d467785d25baa2e18aed7da3db471a8c585e2f13cc6edc95b7f5476b5a3503c2645b22c2bae252076eff008984d4f87ad6608900c94159758c34cf4a208b6f0abaf68b32aeb200c53e210ef7c6fe99fbcbaa157bde3de688a3174ae3880501be230ce34f35e60742cd9c71194ad8fac55179c42a9a3ac301c3495fbe9bed0457c0b379881a1d5ccc4451b3ce05da264c180b686d7f698173bec7c0490491728471d227112c934f40de737ab1141d625f3006c8b61cc32182b1f5ef00814a7132dffc952355577c4b9a54799882980bc4b995fd0963167bcc5297b45c034a788c02d5f0c71307ccdf2f2f89615ac2fbbc4bb86f7603be054dcabad9e265e6c5ff002082da24f6898aab032f6974ec1656979ed332e30fac770fde625bb6b32815ee9e50c2ca720a02fcc5b4ad2fb458cea00550e66a7a189fc6d1b8155232359a4d6f2df022097d2e0df4d609a8469274f8538d0bb406d07b434fb21dd96c38d58f34d58a40bb3e1225aaaf3772c851b906f0dca273c59fe1e9ae26d4a3e901d964ccb5568daad35e018ecbd3484ad688328306a91c6518facc202b7cefe23d1ecd181a84a6ecf54d74b31085eacef44cd7beef1350de989584dc2bef30d5b5e4c4f232dcb8daf49928eacf3e65394db58d658c3a442d2baebde653d75ccc0d476da12456c07785a12571b91333cc69e8e92fa6d84aeb5e22fb45b645a14da531d07d6623b6227aaef938e6178e33788d80aadd96ff005953664c2fee064ae57bcb2c3aeb50834deb44c2296d8829464c54e2c7bc370e844b6dfb096190dce26711e4da667817285259a39e63cd68e2ad2d43a0727bcb11ca0192dad4628c8d1eb01cb4783ea959ac3e25d83dcc426ea81f309c6ec46eb83eb31337b7ac0efd6d3eaccc40ef28dad9839a96e19f7b599eaafb4062ef197107e03e4aa621ed3130d3faa2c0c4be1f7e61c6076be1882b90b9c4a5ace09b5478842eac8061bdc5ed0e09fa4b195fb3f316eea1d5bcc1006ca83b2ee02c995f94b70a069b4a42b8be78950306eb830b2b6e23a816b5ec4da0bae26be1698ee9d98d1b110a6b7d7f12e69c798252e06635354d580f5ef1968ae26c2928ea398707fa9970b9e73159a6b995c37e6095a65886776f05749530df3f3a503fc63feb30f5437b4568aeb79b118abc62034d959ccd410e1f94df0c6f02b9778df2bced01636e6bcd31c3ceb2e9ed98c0852f5bc134259aaeee3111b28f3739bb180a20dde8bd36b95ebd91a229c935e9c4c2b52f60d59837abec4a39adc30405693758b8e589962e625efc4ccb1e26f81db587956b301cca2e3efc0b5aabd71287da241b472dfce98b83589a9c46af3ee130bc6584e9dee379a8acbce58b36f398f4bbbacd2fb54b25d772393dded0930dc7aca516693caabeb10402cbc9cf994503380ce3cc6072fd4cfacfa6f2f59cca66051699a31287111d19819cf880eae0e35855c5ca60104bce6396f6433aeadff535a11617a414e317988d5a9de2d1da21c23ef733e26ecbf99901a4dd479e0b48fc9aa04c11c8b728a203eb33caf12f1697b55d7bc6b89ddac122cd4fa769c17210bb7b25ea79c544d33c67f701912e6ac6a4fe3c336cae1c8ca16313d6c9fb88391e901c72a8e9e029f44ba1d8a76ccafa4b0c342298ff00c8dadc09a9876d604ea2fe2231ba951db69bc0e456a107c57bdca8628ade50fba64e5f2caa6abd3bcd169e0439cbd19ae1f00f86fe1dce613a65bf12b789c4fbcbee62006416accdd8d92b7e4da607737dc8ad356eb84979439fec4aac6bb5efda1542ba47af7d76998bc826db415af5d62966ae50b4e1a5970766f2aaf4a9a2ea344d744b4ee05ff66bc15d825eeb98b8b0991d7d252e42a1d8ebac4aab638bcb2ce78daa50cc469678260a18f8a052ebe6126ba2dd7a2c1f9752999017186523f71b7980188b7e65dbdcac35fde250fccb1aff0051d01b8b00af1cc2c2f1b692bbda26ba258a91bac2cc7998d3ec96aac4a69b46982196db59bb1ef30d5b8acf328631000bb9a8910c2b19b64b065ab896db8c4a7aa150cba7a473146aceebd6001c74c6f62cd5de09ccb8409d2be3a961d2cda4ad6219f8372559e8b37225301de622a2210cf7841f67795be3bcb7ca5035cc17726ea551591a9d3df5990d6939c5c34d7c41ada787694f3f582f5587a4397982ecf49b5bf131f98fb6525635e208d6365b9746476a85169ef29c4bbc90072c09b32eb6603bf4a95e6116f129f054ae84da584d7e9925a498dfc09a2e7c40ae629e221ce26d71534f69564cd5136dfc4c82d91977354503129375c641b32a6713443d100cc5ac4ece26581c4da659951798577aafda2987adb3fc4fb1507a54fa7095d0293c65a276953c11a6d03de51e60f99ef0f12902f352bc65217d99dc96b73a6642118bc46e872c4c26137e94556871da19b2e224d20f30630c366b7eb1efb2366b2b1a358d4c6411b7f7331c40ecc7565488bb431dbdef16d23b1f89a0576bfd26e2f807ee66f27bae1941762a1c04ec12e23f989fe6784332ba8f01b19da948ee24a72c0ef2a230d7ff00269bcb1de1e25cbe6a61e88712f0a3b6bd4fd4569f47f51fa33dff0098ff000fee2f87f7cc1fe2a4fec655129afa31fc03ed393d981beca036f43ff52d59febd650cff00149fee8fd4fbd2fd605b9e65a17adfb4d1cf8302d026251c74bf33bd1e6e95bb12dc12d8204286f12d5e89bf469ee740fde3778241379dee92ce65789e32dc4b6b99e32e2d1ede9af33ce5679f4d2799292929cca4b3997171de94e87833c59d897c2571964ef4ee8ae28ef2be23c29ba436f010241215dcf4103444dd138c6135539020f45787e85dd83cce44e443b707d896c39ba1e08763a3e39e39dd27825fb93ff4203b27867709e39e39e19e38e287923cd1e78f2ce44e5c0e60fc0d184aba5cd3a21319379aa2fca3920559c07a7b950e79cb84473ce442424cd074018e3ea277ba80230d0f44247a80180dc750679bab03d375fe8e5e16d5457e4fffc400281001000301000202020300030003010000010011213141516171109181a1b120c1d130e1f1f0ffda0008010100013f104d625f13d2788095acb144175b1e39529b99097905cc0ab897cf30402a1b32e9424e391f48701f86f418b5c972a27a9f58f2bda95de4d9fc59ed446a35fdcd88d6c422695df31ef188151097519661fcc4ed3ea587fd448db749c3fc974fd4a4d97b3e3dc05d4f3e26beefe09fed4ab957f53aba81515e636816760e43c854fcc0acaa0eff0051ec995fc46f820a6c4542bb240d4cca8711f81c676fc001871c2528f88f39fc47c7e2a376727cfccb86c77113e225b2d7ebe220ff00337fee59643494e470dfe27f1073b3e11ece7e386cd2192a1f830f37cce8fc4dcd277f8896653731330e1f80546444814532ae9308c913d13b64ef097512539b0caf89592e334b8d9f27e1f2a9ec15ee37f59d9750f8ec4d6c9f134a976352b857e06e7fb532ff00279bf9d830d7901fc6d43cd9c1806430f89a7f12f721892a87c301a91584a6b225610d323d133897b37c25a33be4de2dc6a61fe66e0667e3d557e3c4d6a29d1e9515d8d3e7b93c1b31b94cd1f32cf52a693c61532fb28e7ee0564560f358227ce427fe8888550c5b8984aaa5367e7300b35e226627e21680abf7f8812a02bf1af520c8e321fbfc561074816ff934b84549e728fdc6516c71c9ed9761553144f11e55328d6376436be3f1f5fccd9b5732e1c63622fd7d4c952ff021c95fb81943b029281214b41f70e182e196c4a630e06b67565e0c24d83f61a5306e8ca22f8fc0b1601b95dfc3e706c7d8d7e32b7f06f7679445dce1be6e3b595f8da26db4b29aca8eaa3773cddce1643d5cedff0091adbabb836788b5591947e2f864b96c14344a2ee0a0bdff0070d29edc337180923b14688acb82328647025c4cb6ac355820138d419d6a1ccbb0fdfe728adecc9665dc7eb9f80a7b1f550b0eff0012c858b95b550ab3c47d89653f8caaa8c3a5cbf147f31cea672a1ec64ca8cb8f39cfcecf99e66907c25676072c6913bf73058cf3a919c3190d0b171cf332b17da2864794b829772b3b2d2aff0018f98f6c4f2c85f83e65bc33def08ba4b7f89472e2d6915df91ec7dc37725a9d221fd472766fa80ac47688e722bcba8acb27f3f8c204bde7e37fe1be7fe15f8afc710b0033f74e54032ad0164f0a59fc105cba778d11cf507dc7714f11bf5b591bec77847efccdf0bf32d9743ccd09f5ef2645683f0cb8b9b383d9476e52a2945b5173a458a3951bfeff003ecfc57e3ff7f1936ffe1e67f12b2198fe3c5cc95f128fc55c286f7b1deb03dc0e91af18de8b8cae3f2cf26592cf2b51fee5ec7e192ceb163771543e22eecc587e405cb79327f48f08fe3d4a6782ff00e3eff1b33f1f3f9d9b72fd4da66fe5444d10a0d659972c14dbfdcb513f7a895a03453696bedcbfa8d43ad8af7fd85ea8e40c0157d40d127b492c352fcdc3d54ef9fdceaf1395383b2cd0766d4dff00e999ede4727783f53db1344a3dd430fdca3dd7cf67dc1fc1772ebc7ff0f9ff008534bff17f03157a1e47f753b4d6335499eed44e508d8cb0a9b2cd989bcb9f1270f04434a4afd5e07dcbfee852bec20c211ab42edf31e12d611fd6ce96a4aaa3816d98b3dbd5533db0508236a847d79946862fe2247f1517d1ff00ecaacd9dfe65b7ce7b9ee786596cbc767318f9cc943cbf8bfe3e7f07fcf673f3e3f3e20fe2e5d64b6618b8f88043413d423dfbcb1aeb1f8d65834be6d292469ca01ac0005430c23b3016b1253ca30b51fb8c703a5bb873c67b3152e8781fd73655250af2d7bd9baef53fd20754ac45abd2e1b4443447dcb97f455e61224b82e1f529f784253520dd6cbfb3e2176f9b98fea01af8a973296e39f73db068958ef65b39d25fe0fe7fe347a87e77f07e3ccbff00857e6a67bb3fdbe677be54fdb2daaefa7ea124ab366abe0253da059a1f96d4096a6d98ba8c93d692889b2db4bf2d7936e7580a62f14cafaec10e56cbe87972fde8a37b5c87b53f983f430d8b951183b5f31507c4789af12ad020d8be6afc11da9d72f97f01b052c94a7ca84eb094f8f8ab5333911c4d6aefd4a3fc8a40132be362a4a4443ca55fe352b6643adcfe6e05fc4aaea3e4d23e0fc69dfc955123ac3f0722fe1fc33afe02682af8222144e8fe2d375bba80c59e9c564c2408fa3a95a9cd25658a559d767e9955d072dd6672ca987d0bc4814e39d0cf6f3127575696f4ecc4816d14ab99d3a430402a8bf7d6b070b932fc8ef74884743ca0372e32d9585354d60d468b494155acd597faf190054967811b1b80fe1bda838224c0bcbb2aa3d1d41e81840a9a0eefa1fba8e943d1468b165115417ea216d0004f0b484887e1dafa48bf4d6f3b4219970fe1c59cc826e01702ccb8642dbd2780c6aea53e065569905132a6c6e37ffc051de6f44f87f194e4761f102b5deae65c1700dd7b32e58a2d0a4bb62919eb4d666a7ff65540854b473be366346bc85d75ca3f53c8c769dba69fddc4f02c8a4d15dec2559019b53e39d7b171ae0d2f42dfdb71d9345ed956053149bf0025447806bb290980862cab298e161440ae3bf86e352d035e9846d4504007cdb50b310befb03751140343bdf9c8392d5b342e6fb480ac173cc1c16cea8b4cacbbb53a879f99784f8aba7b18a20685163f567656aeeb2bb5668c6045aa1f76dc57eaf9a6e5420a0b862511ae8c10aed412e566316bdcbf30c6291ed4bb674a28d95f8d9e1aa99f9b65ee4e2d018e0a0b552b25d6a1c81c34664a065f16691d1a63581405459395c624841ff0b0bd5f44bd11da5b1e29752e20534a005d1fbec094035790f957a88c6c0e0e58007ccccd089704a8aabef7aaf96e14882b4ba41102b6221e6e1c0c1b31a72d2b8ddc7edad276eeb5465bf6da8752b30b57cd34b53c373687a750e363a6aca48f78577cafe219c3652c2a942bc1708ac2a936ea3e6f8083f35cc21abaab0177e873ee28e483065bab63128d86d651cd3045270d3892b3a0d954065f3d96bd45135436b0f35005dee8a777b77e0801cb317af146416eaa9cf65df88e0bc6c00af15084a1fa62029bd3a7d41b16ecf994857d4f0e5789cf6113964fe784a951bad27dc48cd3f0cb6363e51e6419d4dae5808bb95046ce6e3154d78ba8e799ea380687673d370110c5acfe29887b6f156252aabe39a5b3529c529045a5aa568ab6576128a01c6b965ba81bca3321b510e7c77dc73a160bb0faf5e7d4a6eab683ae3e585fa8b0169c1750056ad7737dbaaf02edf441f3e655580a1bd81a0b02dda0db9869e0380a2c5c61b2cd99ed00c8b65500bdedae21c87ac6e82dad32a8edadd26a4b944073d5becb6269b4cf6c42cb7dc2b6f650ddabeca07ed973ae8edb45f5cb63421236b8f7ec87587daa2f85bd6e7d00711e348bdef5f6f2ee21ab3058d7bb9a53374065fae67c4b7818ddf69991009514cbf92e33e90bbe43614182a10a95795791ab986aca8d04b9752e1eff002d054665c164390f98135ba0ac41b798e4a51b2d59603580119032b2ab2131de5025153dca5b02abe8822451033e2d72962a360553d6f896280a06a4de2d556b1b500bc03c21787cbdb96a56c6b2f62e2cf52cb2bbe5fa828a148d2d70162edddcfaa8830aa67bb1b2fdea41b1a6255dedb85362e5652954e3570d7cf9231fca754a474ebb577db86db3a760d06af0ea9a2a254b8e17b2f9c32a2fb556e20d239ae01a799bbb83952e0a3ead582246201e5be6ae1ac60a179230d3a0034e3b0557be7e119f66913761a80b11a220b7454dff00d824545bc734d216988d6fccbce4062d2d0296d6af256da89c4fbd789f04a55320d7ec3132be144ec02c55b567cc2a15caaa3755c5aa2eeea12e1a356e78bb0c03db45d61b815f748025a32f080fb8f8af52e2db44f47de42133d947e996b9518695a6808d6825c14fcb145623760bf32c837045fa31b4257b0b905d81c95ba9c23af708700f467ac2150a0874b67d424c017f09874dbce42c8654d3b629f0b963bf054729baa63f98cb76ef8adaa76014d1112bf6c79f8abb207208408b8b685b731e208cd716a029681f7cd5200e056b5d2db5a53ddfe22c8125e123d88175906e4ae07ac88b605dc3c26fd7a9d5d41d565846ca58e4aa4b99d2fdd4428ab600344d0d3e2b91b03ce62510afa55c4a1629d601deefd9604dadbdd717fabcfeaa12dcc2f6043e81690746c2e1ca68b1582d66352abcf21a808555e4157a5289b6ae821a6a6ddd2fd40b7d86c943ccf71d54daedd78f1519513a5a5f9f33940fd8c026109e83e7cb33752ac129c8600a39bb759f303e22d12d0c7996f21c01d50129225b44cdb5892af221ca809d525d22971f111d8a7602e8b5727712bd82290d639474c20dcbdfd3b134ab9695d41ab64da6580e296fbbf532167a1aada483449c9802c2abc4afa194f44f07ddf2536f46f3bb47d5dc2a9c18d38a3fa5233607962000bb0075f795100da12f9e4352a858dac8060b4065542c3018e8bc07d9d167934e30de95a61b796375a42aed418e98688c269415407612d8cf61569d63e0b3c54c84bd91d04a73b6f55ca61645058ba0014f17a4a25a777c2b4e14e0053d637496be86f542b1c232fbecdd594fc1972af9030d74f882b5ba6178b5401abd14d82ad3f689471614af81daa56c0955b4535454daf0fb97cbbd98291de3362e9498b005b65115434a6de1116a52948f1fe65cd16d29f3a518a394d148fa8c3965e29676c1f84fe58d35158f00f8ec16de745f1045e167094f527c8e414bb372f9a0d6953e90e333200ecb3a87e39180ad045939d401354362368d5d423e1b083cf1be4356976d1048fd6c0916c390bec32aa24ad5ec16f11d2a901d7aa25cf7b36db22a408081d9aba18bc6caa742476d170bc7cec3811300865c5f0b032ccf4187eb202ba915c380798dc1077c82a1a58f27b9597a24c5b52a902ed36e05016468069808dfd918e8009804162ce278a94af7c05cb78533638db515ec4c01482e259515e14a46a1d0ba5ce92ace46166ed60f547d530b65903722cb4165a85c3856a388a2b7b44d3d4293b5b57f11488c5048d583d223d50e83ab2edb5d5b0bb2ecad2fa549cf7ec978cd220969d4a0cb94eb578966aabb68c0a52b4741b2b2c02aae00085ba78aec4beee157f43db1e58b81f3f856c121529bd29435317b8f220184683d33c3598222c7c615e43aa665b2cf03dff860dfc401c4456ace5c33e58eb3bf2c60b6b991114351480bbf7b28a4bfd974154f4c021b5f808ccff8a96d7a287c17be48fc2ef4bde95a4c3cc3da0cb1a828261a2c165477311eed3ada0a53576a2b675701a3c77c9ee34f840928b5e25fb964bfc10bdb34074429d59a35142d3dbc6b76a7492af43d62f6559475af6fb8b1fcf18891fa030d2b4542d71f2c3842b3c09df7c02c5e60dc5baa48030aa5d6f32d00c257ff00b1e135f1b0b8fea86e37ccaef63f8511b53bd5fc530b456a0ab07fc96a5f11555f24084dd36ab3b024ae14a440b7e48288ad2e545a294419f926347e62cf47196e45c973cb3ac7cc241965ca80a4432d605676752d0f983719d758e07f9a8a4f9216aa9f8831bb8e95c82d6d7844d50bcc4ba47553fc8cb727f83fb6697f78be347f1495523e20014f6a185e2112c2be088a85dffadd4a1719899a1e6663fcb1a4bdbbc89add46696a598a977a9f02a133d2e938cdfdfb118f199b45ceab82d6cb49ed8c9eb2095867c30c800ebe58bc147a3e66a8f8169bb537aa98373f506e2793b02a202e0788d5f823db0b031c09a89593547f04264e7d4f0042308240278b92c2758215034600c6881cec55f550858d2c1934c31f245cba3b470acd880a52cbda6761b62f683146310b4ca005d6527b1c97360f5422df426ff75b3ba6735b9b991aae421491ed8139518f6540725dbd8fc04e8fa815d6301a38f2096469d822dd5f4ecafbc4212c4055c95ebe97b283c47a05ab84167c5a4684b7e21907d7e0036566b9098bb6a3a8b4059ee1fd2d2155b0518c5dd406a612b45293cb1057b10d8611b62f5c97e55cb2ff00a4c8c2052a96f706d292168c94ae0c1d51eb5ff717144ba0d4b2b564da2a94b297960eadf83ea176825c8475dc58db2deee34b1008cf84efdcfb8b75a94abbf71e29a65aa80afd7272d456a3d82507f533e97e28f0f22d6ac6b11bee0468d645756408d6f5368209d60f0f884315e08ea3b772d959120978257fd4281ea3c2bf32431f0a4a8d60cb66f2e0242171c8423d62558b40b8b371e92c95014b41ab0cfe62babedf6b0541abfaf71c15af529dfc92a410acf99864007d11c6151ac53ce09852802e6ca1882e84bb77c847d02ca58b0d5e52d400af0235d5537b18d5f0ab20156bce8ffe844d785462ae78229f02d2afeae56901c279d44a3200a11e40af81b3ee5c6e8d5c460b1c60dada47ab572d65aa0b8b868b6a78e90be65dd583c16e0cbf85531a3f099679221c7b06c8d51edec0d45f35c018b7506152cbea31a9a5fa1c9b54a83d42286ce11ea27720b08a0569fdb1f46bdf4fa27144137739707a2a33c42add4418efa66c31cc8b63f700091ae0b858b90c2c0c6a7191bd30ec8cb27e08210b7c0103d0450eb2c8b052b12448ded97c1d75651436f2b6055281a1c1cd9b0411bd224001aa6823d63cacff00f8658e1014b11113d7f2b0d8d4f841016c63b03abff501b49a312dd1196b0c2de4bdab1bccf99e980866bf31610e008fb87c4b0f8de30cdd5ecbdd845b12b53568215fb4876bf565a3e5465d542fb10f57ee20ecbad0805807dc01f90721bda96d348468f306bb00909fadf88498e453233bb9be9ab9747e48d52a8da967a82024a12a76a2ed2997b0d0a027961b194b9804a20011bbb8408bc09ee2976d46dc5c6d0336dfa87528c535c96bd1bca0ae83e6a0f34b94b00fa4a8657c451083ec9f511f50c01d7a8e78959709d6918b8315e98a396e2d8651c5df65b49f9257019487296d5b2c82154747e1869ebcfd2e9f98d8724ce0fcb0cbe685e7d60b60eea92ed7a42bfac1ce7f7ffa45852bc47180efeb8b365955419426daee7fe40007451a91f66c0306075b288360a011887b4502d1523172fa199d5a1a52c249623698dcf20a88d3cb98814ba8b0482f608fc042b843aaa0db584245abf3f69c3b5df5fbc88888f9f03d3b042ad3b69035efcb238672035624ab5e41ff00928086452b40a2ee0d56941ac3eb58e80d7ab40fa87d24bb9d86d6cfa8a46511d23460197586a973504b4e428afd691bd446965a0eb2d5c05b0d8af7f18312a1502ce55fc9847e18d03a2cbe452ce973aab0b7260096e76ca16ac32c1c0688f100d28706257552e41d21af05a58c34308d129db954138dc671488ac17a71cf4676f39e0f103797248d82959f3812fc8035dad6855a1f74cb20e4190d047987236c36ecd7f73492ce154a83dd35422831cb6feb531589c6feaa30f1885b62316c97e8d06c72dfd2dfb4fa4b09bfee2a57eb3bf28368754216184084676c6b52b740fbaf68e3184e047fd235c26210baf962811cc6d313e6e52a2a55607f30c481e62ec068ae247d3e44bd82bd7f12cd2fd5970d6f425edfd20fe11aa00bee5d18b0393b658ee2315f0c3a2461c9608c4a9732c5d10350d519ececbe91c0797756539170d939bacb890bc15bb0535fcc659604ecbe008ff1f10525b30f83ee37b0816e1a4070db91cb3be1bc14a0b7b085e82b863437286e1dd7809635d2f147652ed86351dee92baee202b42e0b76a25cbc0880038b1ba75c8f5b8da94aea95ca12da0505aa23c20ae3e0b84b7102dc1d2d1eca518322c402014b752caaab7383de7946c1bc5233e6d39f5715daf5f2a82ef600a0100680f345cce64bec0af646dc43ce836068ff0004ac3b4b5f7ed62835f0b425d0e0bbeb11cdd0dc251eafe489ef0dd1e0e3f71d361e20f25d58f12c4ae21d2ffc50a97b0e253dc001bb88b6328784b0a0442ada9fd42d7cf0da722df0e81d6d4974c6a136a331887f9a16c04d61ddf89e371800a84d262ad959a9e166294c0b40a59e4d4bae1156401ac52d6ddd7205dd499fc2d9f490952401181b49fa22201dd5ebbeb9e2a74fb00073be9baafb84b6ab5465bc2215d635512c476e527411a55367486297c7a3b121e22aeabc8cb3211823ca8b756806fd1d527732abfac89a035a03b4a77be486864814a77adba8f039a75886c347a4151d4a80e5e3cff84f0f041307369f06a517bc5b28058aef3c630eb45b127c0e8c54198e556a2f48b12f8e4205570316bea80fab8ad9204b212a9605d7fa5c0d33a38aaebca8eca2e8d345bdd73cc70358d2895963eea5b634b06266fab860f4e98f45caf7c9c7f26286f8ceb0ad72894e7ef6252e051aafd965100582ce1cc09cfbe035b38d7a65f8a8ddcd6b82d5bbafde044c9ee4540e1a938a03c76d82b0b1bbb14a678645d8b21b67987d9ec7e6bc8cb9717e22845c7e23e497feaff1ab095d739895014970b1c6e560c06ea27c3d987da8fb7dcb31eb4d39bb4f9b6a23f621a0e3b7434910dd429d07d7cf865f8948a4a3ebbbf31cd601e21c72fd9a5f48f6a20562968f90861050d3d37a1eaa55f1377ebbe1da61aaaaa915b0ba7cff003515ec6dd562fcc4297b6ae0bd591b9819630acaa98103a0e5962e847049d52aa8bb182d4e111a51350f97256282002543eb38ac518dc285269817fb8eea07b6a8ba03ebbd599e58d50ab8a8aa2142052d15d3fb1771ed641c28fc60bb954182b2272c6f9ba2e3f64050a1ad3e167495be1e05184915a255f146e0c09b7610468dff001d8fa54dbc09dfe4b21c0e15ea5359e22711b15c5f8df7b045bb2295b2783d30c185dac8828a6d57895d1416104f54475ecb2635f01ab354102075e7cfa8b8544e908d10babecf8446546fdff91eb2a97b7d8b7148e1f9b642452a318cb1bb4bc561e4c057e656a152ed335198b1cc1a0ddbbf40b34c0777f6d40865d3753875fac84458a8ee790dbca401442f665d174fc46b5a21b47065d5ecaa785cdfa2daf99a9038eabdddced48cf2376a0fb9729e87cd0f92e0ec5588f5ca765c20054657ddfb96d6b400b5f0dffd44acc68c8569e768fd458582c30290c16550557db4c4fe22702a4374f763222daa28e15bf1529576e2dddbfe37cd8e28ab92eb556188c41aa34b7b7d3777f1b0eb195bea0f934b25d4a616580eb9ff00791146f0551473812f2e126694ea62cd3ddb2d6b36ea9befcb45c5afa27e4dd54ce96b4a5b7146a21467805feae0885b63be4f58f27249e50f1e5560c0c0bdc521f105aa142b947a63d515297cedc0540c6f97d3e98d56b5816299f53c2969b3dca8e1a33d993440d24b8cfdb01fb32290108022f04403597e02415a65a4876881e41ee7993c0738b0e039b2dd16b0d4a6696b6f2dd618674c942ddaef65e00288efa5b53728abe05f44ee44a6ec697c4feb6005f4bb807d97298a3c8f6441bc34067a86eab081e556d7e10bf7c141a998f0910ac41b8bba9583750a291683f21c6660efacaa95d75cb133f7d97916bd966e3af66c36128eb681d6f73aa385ade3be18c46aa6119d16a1adc617f62aab19c75c053692adb2a19568e03f53993132dd69c1e298dd2a401b29d2c2ae7b2560b6b214d554b0a345957eef20a6dab05dafb2ad87055619fd323a10a0a14a6ee1a45620b66c685a036a9365511014ab4278aef88e98dd50346d81a9a8624fe8dcc1adb51a606f6df11c580f547f5140002ca2f58d7b37cefccf2083e18fb5c6441916eb2cdc22a5115e897166743f022fa086cb37e69e2e5fdc659a5dbaf3b1145cb880297a74f2f896542c356904a33cb02a27c14f9c7263741778672f3ecd209980c4f398f7f317571bf0a9f3632cad09a0b87a81787a7cb1c08023285ff172b8763ed7ea0b6088f831c289883ef32a0048872d43b41b137c08bb6e130585581e1673c9ea50276b7b969672a3dec0e8f82b51174363633c5c223d12a3f18a9475c59499751d482bd1dae3fc193a6352a86db436a2818754f05fafea17dcb77585ee720a0c898781db82e9e129fb32c782ae940fa1818f335294e5e5c4502345e30a0d59258a1f5f72a2a85bb991102ad5709a0d155940d731885659d20d5b7d70ff000c3617b2a672babfdae5c979a11fc54343f8197ff0c952c6485196af70f66ecadd5d62a02b254cc2bc96f0e4b83b05709f6b4db1e4096ea27128b6cf031187ce195bceff0030852b8f0a3ec7fc9d8172bcfb2f2eae2eb9742cd35f1b3397406797bfbf88600915b050aafb133e8565eb7e9fbc855b0825bcf1bea298006ebbfbec33514bf75e6eb602e8a47c2e9bc95dc28b56427c7aa8aba6f554116fbaa9462545ba2fbcd84bbac4235e50cca5c05edfe3c4a596bd1e07880020a77bf28d6c763babd70bae46976df5f2fb2366a90a1cbebe912608b5565d7a0bbfd464ca0eeaded2c33d2869c6fe2e6bcc215b2f1b518957e1c23c99dfac3ebe635204d34e0f43b34474bb1cbce8c0162b55c5fcb0769785316576b541a3ee200170da5084a1402aca29e1b8a7fb7f6ac172eb4402d5ec7e6a1c9737f17f925e4b5890156794546c116c108ebb7b11450342ede9d2afe18bc19d5ac03088b441659a17f685fd4df54cc3c1d2d8a2e12f8e3ef6ae6848ab3e4575475f3e48adbc15effd4bc259eee2f3da43e0d2d4f51fb4db5d15766e6f6f4acbc2196ac781767af7929a6d3a221dbc818bc504a0ddaf37e63907b1ad0a2eae12201283e9581933716ba1f29888b7dd5d23454b8c7ed2eabe62c5ca9e16c65b15cb2db8117aad5303a945c3b9729b033dddcc45b4f5a57ba82a87a83e9fb6165a897cb6df337d58de3cd46a28dac35c97120a293c26200e69f504b88502e917e6db12e1e2a289e02bea6bad78b75ffbb2aefa2d7bb09502a50e3da2b5775ef7f125a3b058a57e7c7e09b1842103dc2150d31963e8c705f5dbf2153db3a2e8adb69c79900aeda8097f2b445041c1dd172cbb2bfb964c58e8b2dbebefcb2f095580d366dd32e1788342eedd7dcf61c4ad00dde3991051952f47d4b0bd56dd8399be7d441d9a03e0551034a441875ed7615568d5025dbe13cc454d5b5cf0292c6fd0dad46903e98d685523b47a7cdb1f4a2db5a68e5f9a8cd6503f8856ef6075bbaf98f6d42eeb081e57b0298984955f5931968f073f04a8764c87d0622b9752fa2012d602459855315d002f9c61015b0ab79f3e91651f227a25fa0fbdff00972dcdfd2e7d545b60d9d51ec887b811ad8e8eec3617a28b4d8064dbb7c1e84800d567be41950054a4e6632b62384a6540a87267e0254b3c22f9994c922a6d812712049c2a5fcf895aa0f7c2926484d18828d1ec99b512f026d00bf79ed85040cd579794f880cd28a0afddd5ec43656c50b3cdf88110e795747c103224699a07cd3d90078eef54febc4aea0d00349c4898966df0f5a33708700d400485d95c63d128e4af2956762959357aa8d39f24f3a53542af9ba97b46fb690fa635458a5391346a7809b73f52e534588845a60d032d638083df940a616ab2ced60fc4bd690e5f03f3d89053e6da52ff0082a5385cef9af82ae35b50500da81a12a605a06c72fdc012a9c51567201ea00574b2e94250be5501952c7e41fe221515069ba440d16e073e821582f4a5edc2fe08dbfc1085cfc799514ac952aa04b7b8db12322c725d246b970635ed7b1cfd3045a14f1a6fcd37184d2ca51965190b642ab4e8cb268058a0f2f3c3c8f961ebe7125c009582373c24000ca52afb3cc40a0c9507809f72cdb86b516b6c1e49626355457b28004aeaa913533c42ad2031ec4b151720ebf951b1c52db47af102001dbf3f091eb0080d2cb4a6580716fda21a288ae88ffec002dff018c1459975ff00d400369741ae78df1906f0011bd2ea911604aa1a3efdc31b51f6ebf64d88a4f60940394aad3b61c8371b6df12c2b4b0fcd87417a2b7d8910d11fe014d64cf5c7c6471616b414b9dec5376fbf3f116888a8b7d7d40a6c52dabcff00d95f988ad8aef04401ae407d9f847f149061ff000ca6e54426c14d46ac45ca5244f53bfa4f842884f3674632949c570f77042abfe95ea0423ca41ef9df4979dc2d80f5d1e93fa0c375e953e3e98b0e56db123bf17165c55e0fe595b0a81763353c531ce20d6a555653f13fe91fcfcc2ed155ba8e7cec292399f23e63606283381e196b56a98555275b5945fd1ea70056ddf26929ec15d7481be6280628b53602ea3100b8796b596fb80c009fa08d8cda0141f49f30e9d111cf5ebb1cb25167f8cf0fab596d290c0f9b858dafa5bdcdf32a2ef3d5e44d8673dae34b47f2cb7b9f98cd1a01b42a78d0d4aaa65c015c9e77f884501729e57fa9bd52fdbf53e062a77cc20254a9503f1686b3a91449862c0556bd7907c5c054a10bd3dd7205b768f92a094a0d5dc33a29af5d9467dc20d41e9697f50745a4b3fd36cc89852d4e4bd3672a55ecf3f70711453cdb8dec2f4690bc795f5b00662ddad47c9c8c05d85aff00590050d2cce11404083e20d210129fd41c5173ca086d63e4ca634a95f9136d4e8154a623db0878e0a8b5b5296e78f6c04a7380af8880e0b2be1eec9a0ba3ba03fc97f0ab684323533aff0090e65501929ed2ff00a26703bce914a2e7b9a95d282edf8089d17572bfc76518543b5ac5fb0a0b6436429cfee8d4db7c930f3009b73154c2f5b21e4728eb5f79fec2bd42a51092910cb0b002635e256b3fa2b247c3f0cae1dca6d954289d15d98c251df0cb42f4ad624a8a0c04bb5e1ff7f372d040d0bd15f4c6e2551456f6293e8e5d46905d87a88b5382972fb1a11b52ac600e9af30e79a5e31b3a5a0dbe1ef985da3530876c0f1fbc8a94d9471f895285aab9fc65450c3d3e2ad94f17e9d8a53e51d76552a80f7ddec378e8f519765db1ab083e07ba22102b7433f51de4bc40fd3525b9d66adbe9baca159a3285f62b04409abaadf75030c73e61f23fb9736dfb823c7f7715ff00d907e567ae3c9df9202ee9054de7677d2fe671dff2c49c03f715c3fcaffd893d0fa85decf630fa2fb835ff00acff00629a1ae03c82d68beb00b91bd306eebf0720260222aaebea635a7c37fd33cb016bb57138413f3538817037fd5cd0aa741acf65cada1e554b2702c8ece166beb93c838e5c409a93418dd421b3282596d0117396721d06bad1b4319220905a0b5f371acd6da3b51f513c17146e5e447ed0870f9afee6a35fc73fe91a34dc01fee1c1d2f297fb1c9e6d9219fea1420844070213d452f10fc5fbb88f489f6fee612be20bc404031f9e7d91e6d62ee7d2c99ffdd14e07f8628f0c23a022741502f6bf50df7630e3fe582795117afd221ee9166a6fe53fc87ea7ee05d7e81ff7c0f9bed70b7ef8ff00811f2b79fcf305fda91aa8fd3208abeeeec32e50b40144bcadcf2a0fd085b772b521b01f8460655f9d6ff725b2dbf53a3291e949cd1f43fec3dbc1cbfea4b5bbbdff00edc3e9e7c5ff00b6222f9c410a291eaa63c12cf0954441d7f01e07f489a708e3fe12dffc25ecfe9294a1a903ec8f71bf448e502533a8be679b6256599d112a749e3105e187804b38221f0a27c097907052be325874a403d932a4fee5094d8594a08bf9407ca7d72f3a3dc0bc57e333f9aa2bd0c3c3fec7cf1eb49f54461f7cf8a57c7e2a2714b72b3e0c7a9afe61e6fedf89d8a9e77f68f7c7018f1997f465f5096dccbab32f889eb283f73faf86737f9276a894d079702ea8c4ca92bf883c7196e4f3561fc25d18ff00d422ff00044744b7c905f309f3177a87418f962dec3e584cd96796a5bff920d7fda32ae3f8625e628a2e3e680fac0303e60fc203c20fc203860b8603c678f2583d862e4c362fb47f72f2ee3dd544c15caa59fab973fb2fc56cab9e638b1fc1b2e11c716a0dfccaca532e2652b0fb34466bfcbf07d92222f5710285361352402ffe087edfe351914d6069e0c624916e2fbf94b483c352859720ce4519a5075a964f06b186011763a0f91762b1aafe5363ff0073c7e3c5cf293fffd9', 1);